Price,RAM,Storage,Camera,ScreenSize,Battery,ReleaseYear,Brand,BrandID
532000.0,6.0,6.0,13.0,6.2,4230.0,2018.0,OPPO,0
1704000.0,8.0,8.0,108.0,6.78,5000.0,2023.0,Infinix,1
2719000.0,8.0,8.0,50.0,6.5,5000.0,2023.0,Samsung,2
950000.0,6.0,6.0,12.0,6.5,4230.0,2020.0,OPPO,0
1599000.0,8.0,8.0,50.0,6.74,5000.0,2023.0,Xiaomi,3
1932700.0,12.0,12.0,108.0,6.78,5000.0,2023.0,Infinix,1
3837000.0,8.0,8.0,200.0,6.67,5100.0,2024.0,Xiaomi,3
4399000.0,12.0,12.0,64.0,6.67,5000.0,2024.0,POCO,4
5250000.0,8.0,8.0,50.0,6.6,5000.0,2024.0,Samsung,2
2599000.0,8.0,8.0,100.0,6.67,5000.0,2024.0,Xiaomi,3
2217200.0,8.0,8.0,108.0,6.78,5000.0,2024.0,Infinix,1
2285000.0,8.0,8.0,50.0,6.5,5000.0,2023.0,Samsung,2
1349000.0,8.0,8.0,50.0,6.6,5000.0,2024.0,Infinix,1
4382700.0,8.0,8.0,50.0,6.6,5000.0,2024.0,Samsung,2
1779500.0,8.0,8.0,50.0,6.79,5000.0,2023.0,Xiaomi,3
3950000.0,4.0,4.0,12.0,6.1,3110.0,2019.0,Apple,5
2249000.0,8.0,8.0,108.0,6.67,5000.0,2024.0,Xiaomi,3
1625000.0,8.0,8.0,50.0,6.74,5000.0,2024.0,POCO,4
2949000.0,8.0,8.0,50.0,6.67,5000.0,2023.0,Xiaomi,3
1290000.0,6.0,6.0,50.0,6.56,5000.0,2023.0,Vivo,6
2154000.0,8.0,8.0,50.0,6.68,6000.0,2024.0,Vivo,6
5275000.0,4.0,4.0,12.0,6.1,3110.0,2019.0,Apple,5
1999000.0,8.0,8.0,50.0,6.56,5000.0,2022.0,OPPO,0
1415000.0,6.0,6.0,50.0,6.74,5000.0,2023.0,Xiaomi,3
2750000.0,8.0,8.0,50.0,6.5,5000.0,2023.0,Samsung,2
1199000.0,3.0,3.0,13.0,6.2,4230.0,2019.0,OPPO,0
2088505.0,8.0,8.0,108.0,6.78,6000.0,2024.0,Tecno,7
3607000.0,8.0,8.0,50.0,6.5,5000.0,2024.0,Samsung,2
1723000.0,6.0,6.0,50.0,6.7,5000.0,2023.0,Samsung,2
2335000.0,8.0,8.0,64.0,6.4,5000.0,2021.0,Realme,8
1350000.0,6.0,6.0,13.0,6.52,5000.0,2021.0,OPPO,0
4000000.0,8.0,8.0,108.0,6.78,5000.0,2024.0,Infinix,1
5894000.0,12.0,12.0,50.0,6.6,5000.0,2024.0,Samsung,2
1503000.0,4.0,4.0,13.0,6.82,6000.0,2020.0,Infinix,1
1949000.0,12.0,12.0,50.0,6.6,5000.0,2024.0,itel,9
2648000.0,8.0,8.0,64.0,6.67,5000.0,2024.0,POCO,4
4414000.0,12.0,12.0,200.0,6.67,5100.0,2024.0,Xiaomi,3
2400000.0,8.0,8.0,48.0,5.6,5000.0,2020.0,OPPO,0
2046000.0,6.0,6.0,50.0,6.6,5000.0,2023.0,Samsung,2
1699000.0,8.0,8.0,32.0,6.74,5000.0,2024.0,Realme,8
2399000.0,8.0,8.0,50.0,6.67,5000.0,2024.0,OPPO,0
2139000.0,6.0,6.0,48.0,6.53,5200.0,2020.0,Xiaomi,3
1605000.0,6.0,6.0,48.0,6.53,6000.0,2020.0,POCO,4
1993000.0,8.0,8.0,50.0,6.78,6000.0,2023.0,Tecno,7
4850000.0,8.0,8.0,50.0,6.6,5000.0,2024.0,Samsung,2
2850000.0,8.0,8.0,50.0,6.7,5000.0,2024.0,Samsung,2
950000.0,2.0,2.0,13.0,6.2,4230.0,2018.0,OPPO,0
1879000.0,6.0,6.0,50.0,6.7,5000.0,2023.0,Samsung,2
1209421.0,4.0,4.0,50.0,6.7,5000.0,2024.0,Samsung,2
1425000.0,8.0,8.0,50.0,6.56,5000.0,2023.0,Infinix,1
2099000.0,8.0,8.0,48.0,6.67,5000.0,2023.0,POCO,4
3118000.0,8.0,8.0,108.0,6.67,5110.0,2025.0,Xiaomi,3
2899000.0,8.0,8.0,50.0,6.68,6500.0,2025.0,Vivo,6
1850000.0,4.0,4.0,48.0,6.3,4000.0,2019.0,Xiaomi,3
1678000.0,8.0,8.0,50.0,6.6,5000.0,2024.0,itel,9
1035000.0,4.0,4.0,13.0,6.67,5000.0,2024.0,Tecno,7
1550000.0,6.0,6.0,8.0,6.67,5100.0,2024.0,OPPO,0
1600000.0,4.0,4.0,48.0,6.53,5020.0,2020.0,Xiaomi,3
2789000.0,4.0,4.0,16.0,5.9,3340.0,2017.0,Huawei,10
1699000.0,2.0,2.0,13.0,5.2,3000.0,2018.0,OPPO,0
4390000.0,12.0,12.0,50.0,6.67,5000.0,2024.0,POCO,4
4397000.0,8.0,8.0,50.0,6.67,5000.0,2024.0,POCO,4
1250000.0,4.0,4.0,50.0,6.7,5000.0,2023.0,Samsung,2
3860000.0,12.0,12.0,108.0,6.67,5110.0,2025.0,Xiaomi,3
1680000.0,8.0,8.0,108.0,6.79,5030.0,2024.0,Xiaomi,3
1360000.0,4.0,4.0,13.0,6.51,5000.0,2020.0,Vivo,6
1395000.0,6.0,6.0,48.0,6.7,5000.0,2024.0,Infinix,1
1799000.0,8.0,8.0,64.0,6.78,5000.0,2023.0,Infinix,1
1890000.0,8.0,8.0,50.0,6.78,5000.0,2024.0,itel,9
1640000.0,8.0,8.0,50.0,6.79,5000.0,2023.0,Xiaomi,3
1600000.0,4.0,4.0,12.0,6.52,5000.0,2019.0,Realme,8
1310000.0,4.0,4.0,50.0,6.7,5000.0,2023.0,Samsung,2
1399000.0,4.0,4.0,8.0,6.67,5100.0,2024.0,OPPO,0
1417000.0,4.0,4.0,8.0,6.67,5100.0,2024.0,OPPO,0
1800000.0,6.0,6.0,50.0,6.67,5000.0,2023.0,Xiaomi,3
3249000.0,12.0,12.0,64.0,6.67,5100.0,2024.0,POCO,4
1099000.0,4.0,4.0,13.0,6.2,4230.0,2018.0,OPPO,0
1699000.0,6.0,6.0,50.0,6.6,5000.0,2022.0,Samsung,2
1699000.0,8.0,8.0,48.0,6.5,5000.0,2019.0,OPPO,0
1849000.0,4.0,4.0,12.0,6.22,5000.0,2019.0,Xiaomi,3
989000.0,3.0,3.0,13.0,6.53,5000.0,2020.0,Xiaomi,3
750000.0,4.0,4.0,12.0,6.5,4230.0,2020.0,OPPO,0
1800000.0,3.0,3.0,13.0,6.2,4230.0,2018.0,OPPO,0
1999000.0,8.0,8.0,50.0,6.68,6000.0,2024.0,Vivo,6
2399000.0,8.0,8.0,50.0,6.67,5000.0,2023.0,Xiaomi,3
4400000.0,4.0,4.0,12.0,5.8,2716.0,2018.0,Apple,5
2210000.0,8.0,8.0,50.0,6.72,6000.0,2024.0,Realme,8
5999000.0,8.0,8.0,50.0,6.78,5500.0,2024.0,Vivo,6
1399000.0,3.0,3.0,13.0,6.1,4000.0,2019.0,Realme,8
1080000.0,4.0,4.0,13.0,6.6,5000.0,2023.0,Infinix,1
2849000.0,8.0,8.0,50.0,6.72,6000.0,2024.0,iQOO,11
2799000.0,8.0,8.0,50.0,6.78,5200.0,2025.0,Tecno,7
2050000.0,4.0,4.0,13.0,6.2,4230.0,2018.0,OPPO,0
3715000.0,8.0,8.0,48.0,6.5,4000.0,2020.0,Samsung,2
1350000.0,6.0,6.0,50.0,6.56,5000.0,2024.0,Vivo,6
6749500.0,12.0,12.0,50.0,6.77,6000.0,2025.0,Vivo,6
2523000.0,8.0,8.0,108.0,6.4,5000.0,2023.0,Realme,8
3399000.0,8.0,8.0,64.0,6.67,5160.0,2020.0,POCO,4
2000000.0,4.0,4.0,48.0,6.3,4000.0,2019.0,Xiaomi,3
4150000.0,8.0,8.0,50.0,6.78,6000.0,2024.0,iQOO,11
984000.0,3.0,3.0,13.0,6.7,5000.0,2024.0,Infinix,1
2148000.0,8.0,8.0,50.0,6.67,5000.0,2024.0,OPPO,0
2199000.0,8.0,8.0,50.0,6.43,5000.0,2023.0,OPPO,0
4359000.0,8.0,8.0,50.0,6.78,5000.0,2024.0,Vivo,6
1689013.0,8.0,8.0,50.0,6.58,5000.0,2021.0,Vivo,6
1699000.0,2.0,2.0,13.0,5.0,2400.0,2017.0,Samsung,2
3480000.0,8.0,8.0,64.0,6.67,5020.0,2020.0,Xiaomi,3
2899000.0,6.0,6.0,48.0,6.5,4000.0,2020.0,Samsung,2
869000.0,2.0,2.0,13.0,6.53,5000.0,2020.0,Xiaomi,3
1490000.0,6.0,6.0,50.0,6.74,5000.0,2023.0,Realme,8
4990000.0,8.0,8.0,50.0,6.7,5000.0,2025.0,Samsung,2
1329000.0,6.0,6.0,50.0,6.74,5000.0,2024.0,POCO,4
1799000.0,12.0,12.0,108.0,6.78,5000.0,2023.0,Tecno,7
1049000.0,4.0,4.0,50.0,6.71,5000.0,2023.0,Xiaomi,3
3650000.0,8.0,8.0,64.0,6.5,5000.0,2022.0,Samsung,2
1500000.0,6.0,6.0,48.0,6.5,5000.0,2020.0,Samsung,2
1299000.0,4.0,4.0,8.0,6.5,5000.0,2021.0,Realme,8
4345000.0,3.0,3.0,12.0,6.1,2716.0,2018.0,Apple,5
4398000.0,8.0,8.0,50.0,6.6,5000.0,2024.0,Samsung,2
1625000.0,8.0,8.0,108.0,6.79,5030.0,2024.0,Xiaomi,3
2050000.0,8.0,8.0,48.0,6.3,4035.0,2019.0,Realme,8
1685000.0,8.0,8.0,50.0,6.74,5000.0,2023.0,Realme,8
1340000.0,4.0,4.0,8.0,6.56,5000.0,2023.0,OPPO,0
999000.0,4.0,4.0,50.0,6.71,5000.0,2023.0,Xiaomi,3
4099000.0,12.0,12.0,50.0,6.78,6000.0,2024.0,iQOO,11
1699000.0,6.0,6.0,50.0,6.68,5500.0,2024.0,Vivo,6
2025000.0,8.0,8.0,50.0,6.78,5000.0,2024.0,Infinix,1
2750000.0,3.0,3.0,13.0,6.0,3000.0,2018.0,Huawei,10
2200000.0,4.0,4.0,13.0,6.5,4000.0,2019.0,Samsung,2
2730000.0,6.0,6.0,25.0,6.4,4000.0,2019.0,Samsung,2
2200000.0,6.0,6.0,13.0,6.5,5000.0,2020.0,OPPO,0
3200000.0,3.0,3.0,12.0,5.8,2716.0,2017.0,Apple,5
2995000.0,12.0,12.0,108.0,6.78,6000.0,2024.0,Tecno,7
1499000.0,4.0,4.0,13.0,6.5,5000.0,2020.0,OPPO,0
2700000.0,6.0,6.0,48.0,6.3,4000.0,2019.0,Xiaomi,3
1999000.0,8.0,8.0,64.0,6.72,5000.0,2023.0,Realme,8
2449000.0,8.0,8.0,108.0,6.78,5000.0,2023.0,Infinix,1
1650000.0,6.0,6.0,64.0,6.72,5000.0,2023.0,Realme,8
1500000.0,4.0,4.0,48.0,6.53,6000.0,2020.0,POCO,4
2350000.0,6.0,6.0,50.0,6.5,6000.0,2024.0,Samsung,2
3450000.0,6.0,6.0,64.0,6.53,4500.0,2019.0,Xiaomi,3
1579050.0,4.0,4.0,13.0,6.22,4230.0,2020.0,OPPO,0
2300000.0,8.0,8.0,50.0,6.59,5000.0,2022.0,OPPO,0
2400000.0,4.0,4.0,16.0,6.0,3500.0,2018.0,Samsung,2
2560000.0,6.0,6.0,48.0,6.4,5000.0,2019.0,Samsung,2
2249000.0,4.0,4.0,12.0,5.99,4000.0,2017.0,Xiaomi,3
3099000.0,6.0,6.0,48.0,6.53,4000.0,2019.0,OPPO,0
2259000.0,8.0,8.0,108.0,6.78,5000.0,2025.0,Tecno,7
2100000.0,3.0,3.0,13.0,5.2,2900.0,2016.0,OPPO,0
4274000.0,8.0,8.0,200.0,6.67,5110.0,2025.0,Xiaomi,3
3499000.0,8.0,8.0,50.0,6.67,5800.0,2025.0,OPPO,0
1230000.0,4.0,4.0,50.0,6.56,5000.0,2022.0,OPPO,0
1715000.0,8.0,8.0,108.0,6.78,5000.0,2024.0,Tecno,7
1725000.0,6.0,6.0,13.0,6.51,5000.0,2021.0,OPPO,0
1100000.0,8.0,8.0,50.0,6.6,5000.0,2023.0,itel,9
2959000.0,8.0,8.0,50.0,6.67,5000.0,2024.0,Vivo,6
1399000.0,4.0,4.0,13.0,6.5,6000.0,2020.0,Realme,8
6300000.0,4.0,4.0,12.0,5.8,3190.0,2019.0,Apple,5
2150000.0,8.0,8.0,108.0,6.78,5000.0,2023.0,Infinix,1
8399000.0,8.0,8.0,50.0,6.7,4700.0,2024.0,Samsung,2
1099000.0,3.0,3.0,13.0,6.53,5000.0,2020.0,Xiaomi,3
6190000.0,12.0,12.0,50.0,6.78,5500.0,2024.0,Vivo,6
2275000.0,8.0,8.0,50.0,6.68,6500.0,2025.0,Vivo,6
2858000.0,4.0,4.0,12.0,5.8,2658.0,2018.0,Apple,5
3499000.0,8.0,8.0,108.0,6.7,5000.0,2022.0,Samsung,2
3445000.0,8.0,8.0,50.0,6.67,5100.0,2024.0,OPPO,0
4099000.0,8.0,8.0,50.0,6.6,5100.0,2023.0,Samsung,2
2199000.0,8.0,8.0,50.0,6.4,5000.0,2022.0,Realme,8
6750000.0,6.0,6.0,16.0,6.0,3500.0,2016.0,Samsung,2
1640000.0,8.0,8.0,50.0,6.75,5000.0,2024.0,Realme,8
1466000.0,4.0,4.0,50.0,6.68,5500.0,2024.0,Vivo,6
1199000.0,4.0,4.0,13.0,6.8,6000.0,2021.0,Infinix,1
1799000.0,4.0,4.0,50.0,6.67,5000.0,2023.0,Xiaomi,3
3250000.0,6.0,6.0,48.0,6.4,4000.0,2019.0,Samsung,2
1999900.0,6.0,6.0,16.0,6.53,5000.0,2019.0,Vivo,6
3090000.0,8.0,8.0,48.0,6.5,4000.0,2019.0,OPPO,0
2199000.0,6.0,6.0,48.0,6.67,5000.0,2023.0,POCO,4
3000000.0,8.0,8.0,48.0,6.43,4015.0,2020.0,OPPO,0
1949900.0,3.0,3.0,12.0,6.5,5000.0,2019.0,Realme,8
2999000.0,8.0,8.0,50.0,6.67,5000.0,2024.0,Vivo,6
1899000.0,8.0,8.0,64.0,6.43,5000.0,2021.0,Xiaomi,3
4750000.0,3.0,3.0,12.0,6.1,2716.0,2018.0,Apple,5
1699000.0,6.0,6.0,50.0,6.43,5000.0,2022.0,Xiaomi,3
1830000.0,6.0,6.0,50.0,6.68,6000.0,2024.0,Vivo,6
1000000.0,4.0,4.0,50.0,6.5,5000.0,2022.0,Samsung,2
891000.0,6.0,6.0,48.0,6.53,4000.0,2019.0,OPPO,0
1005999.0,2.0,2.0,8.0,6.52,5000.0,2021.0,Realme,8
1279000.0,4.0,4.0,50.0,6.56,5000.0,2023.0,Vivo,6
3494000.0,8.0,8.0,48.0,6.4,5000.0,2022.0,Samsung,2
4000000.0,8.0,8.0,48.0,6.67,5160.0,2021.0,POCO,4
1149000.0,8.0,8.0,50.0,6.6,5000.0,2023.0,Tecno,7
1790000.0,3.0,3.0,13.0,6.22,4230.0,2019.0,Realme,8
1599000.0,8.0,8.0,50.0,6.78,5000.0,2023.0,Infinix,1
2000000.0,8.0,8.0,48.0,6.43,5000.0,2021.0,OPPO,0
2699000.0,8.0,8.0,64.0,6.43,5000.0,2022.0,POCO,4
3199000.0,12.0,12.0,64.0,6.67,5000.0,2023.0,POCO,4
1810000.0,3.0,3.0,12.0,6.5,5000.0,2019.0,OPPO,0
1999900.0,3.0,3.0,13.0,5.7,3180.0,2017.0,OPPO,0
1299000.0,4.0,4.0,13.0,6.52,4230.0,2020.0,OPPO,0
1720000.0,6.0,6.0,50.0,6.5,5000.0,2022.0,Xiaomi,3
1199000.0,4.0,4.0,13.0,6.74,5000.0,2024.0,Realme,8
2597888.0,8.0,8.0,50.0,6.7,5000.0,2024.0,Samsung,2
1170000.0,4.0,4.0,48.0,6.5,5000.0,2021.0,Samsung,2
565000.0,1.0,1.0,5.0,5.72,2000.0,2019.0,NEXCOM,12
2000000.0,8.0,8.0,48.0,6.43,4000.0,2020.0,OPPO,0
2200000.0,6.0,6.0,48.0,6.5,5000.0,2020.0,Samsung,2
2250000.0,8.0,8.0,50.0,6.4,5000.0,2022.0,Realme,8
1579900.0,8.0,8.0,50.0,6.74,5000.0,2024.0,Realme,8
6299000.0,12.0,12.0,50.0,6.67,5000.0,2024.0,Xiaomi,3
1700000.0,6.0,6.0,48.0,6.5,5000.0,2020.0,Samsung,2
4489000.0,12.0,12.0,50.0,6.78,5000.0,2024.0,Vivo,6
2849000.0,6.0,6.0,64.0,6.67,5020.0,2020.0,Xiaomi,3
1798000.0,8.0,8.0,64.0,6.5,5000.0,2020.0,Realme,8
3500000.0,3.0,3.0,13.0,5.5,3600.0,2017.0,Samsung,2
2099000.0,8.0,8.0,50.0,6.78,5000.0,2023.0,Tecno,7
2199000.0,8.0,8.0,50.0,6.72,6000.0,2024.0,Realme,8
6892500.0,8.0,8.0,50.0,6.78,6000.0,2022.0,ASUS,13
1297000.0,2.0,2.0,13.0,6.1,4000.0,2019.0,Realme,8
1815000.0,6.0,6.0,48.0,6.82,6000.0,2021.0,Infinix,1
1700000.0,6.0,6.0,50.0,6.6,5000.0,2023.0,Samsung,2
1210000.0,4.0,4.0,13.0,6.51,5000.0,2021.0,Vivo,6
1334000.0,3.0,3.0,13.0,6.52,4230.0,2020.0,OPPO,0
1249000.0,4.0,4.0,50.0,6.56,5000.0,2023.0,Vivo,6
4050000.0,12.0,12.0,50.0,6.67,5110.0,2025.0,POCO,4
2050000.0,4.0,4.0,12.0,5.99,4000.0,2018.0,Xiaomi,3
1284000.0,4.0,4.0,13.0,6.5,5000.0,2020.0,Samsung,2
1369000.0,4.0,4.0,50.0,6.56,5000.0,2024.0,Vivo,6
3999000.0,8.0,8.0,64.0,6.67,4500.0,2022.0,POCO,4
4355000.0,8.0,8.0,64.0,6.67,5000.0,2023.0,POCO,4
1350000.0,4.0,4.0,13.0,6.5,5000.0,2021.0,Realme,8
2600000.0,8.0,8.0,200.0,6.67,5000.0,2024.0,Xiaomi,3
1450000.0,4.0,4.0,13.0,6.35,5000.0,2019.0,Vivo,6
2500000.0,6.0,6.0,50.0,6.9,7000.0,2022.0,Tecno,7
1500000.0,2.0,2.0,12.0,4.7,1960.0,2016.0,Apple,5
1799000.0,4.0,4.0,13.0,6.52,4230.0,2020.0,OPPO,0
1100000.0,3.0,3.0,13.0,6.5,5000.0,2021.0,OPPO,0
1175000.0,3.0,3.0,13.0,6.82,6000.0,2021.0,Infinix,1
999000.0,4.0,4.0,13.0,6.53,5000.0,2020.0,Xiaomi,3
3550000.0,8.0,8.0,48.0,6.5,5000.0,2023.0,Samsung,2
4100000.0,6.0,6.0,16.0,6.0,4000.0,2016.0,Samsung,2
9020000.0,8.0,8.0,50.0,6.1,3900.0,2023.0,Samsung,2
2649000.0,8.0,8.0,50.0,6.72,6000.0,2024.0,ZTE,14
1169000.0,4.0,4.0,8.0,6.74,5000.0,2025.0,Realme,8
4399000.0,4.0,4.0,12.0,5.8,3190.0,2019.0,Apple,5
2750000.0,3.0,3.0,13.0,5.5,3300.0,2016.0,Samsung,2
2549000.0,8.0,8.0,108.0,6.67,5000.0,2023.0,Xiaomi,3
2000000.0,6.0,6.0,12.0,6.5,3330.0,2019.0,Sony,15
3529000.0,8.0,8.0,50.0,6.78,6000.0,2024.0,iQOO,11
2676000.0,8.0,8.0,50.0,6.7,5000.0,2024.0,Realme,8
2049000.0,8.0,8.0,50.0,6.64,5000.0,2023.0,Vivo,6
1690000.0,3.0,3.0,12.0,5.7,3300.0,2017.0,Xiaomi,3
2719000.0,6.0,6.0,64.0,6.53,4500.0,2019.0,Xiaomi,3
1799000.0,8.0,8.0,50.0,6.67,5000.0,2024.0,Realme,8
2875000.0,8.0,8.0,50.0,6.67,5000.0,2024.0,Vivo,6
2100000.0,6.0,6.0,50.0,6.6,5000.0,2022.0,Samsung,2
1335000.0,8.0,8.0,13.0,6.67,6000.0,2025.0,itel,9
999000.0,4.0,4.0,13.0,6.74,5000.0,2024.0,Realme,8
3368000.0,3.0,3.0,12.0,6.1,2716.0,2018.0,Apple,5
2200000.0,3.0,3.0,48.0,6.5,5000.0,2020.0,Samsung,2
1589000.0,3.0,3.0,12.0,6.22,5000.0,2019.0,Xiaomi,3
2139000.0,8.0,8.0,13.0,6.51,5000.0,2020.0,Vivo,6
1300000.0,3.0,3.0,13.0,6.4,4000.0,2020.0,Samsung,2
1519000.0,6.0,6.0,50.0,6.75,5000.0,2024.0,Realme,8
2099000.0,6.0,6.0,64.0,6.43,5000.0,2022.0,POCO,4
1100000.0,4.0,4.0,48.0,6.5,5000.0,2021.0,Samsung,2
3149000.0,6.0,6.0,32.0,6.7,4500.0,2019.0,Samsung,2
2099900.0,4.0,4.0,48.0,6.53,4000.0,2019.0,OPPO,0
1799000.0,6.0,6.0,13.0,6.5,5000.0,2020.0,Realme,8
3000000.0,8.0,8.0,64.0,6.43,4300.0,2020.0,OPPO,0
7512250.0,8.0,8.0,64.0,6.9,4000.0,2023.0,Tecno,7
3799000.0,12.0,12.0,50.0,6.67,5000.0,2024.0,Realme,8
1589000.0,8.0,8.0,50.0,6.78,5000.0,2023.0,Infinix,1
3400000.0,6.0,6.0,12.0,6.41,3400.0,2018.0,Vivo,6
1499999.0,6.0,6.0,48.0,6.9,7000.0,2021.0,Tecno,7
4851000.0,12.0,12.0,200.0,6.67,5110.0,2025.0,Xiaomi,3
2499000.0,6.0,6.0,16.0,6.78,5200.0,2020.0,Infinix,1
2619000.0,8.0,8.0,64.0,6.67,5000.0,2023.0,Tecno,7
1325000.0,4.0,4.0,50.0,6.51,5000.0,2022.0,OPPO,0
2498000.0,8.0,8.0,50.0,6.78,5200.0,2025.0,Tecno,7
1699000.0,4.0,4.0,13.0,6.52,5000.0,2019.0,Infinix,1
2250000.0,6.0,6.0,108.0,6.67,5000.0,2023.0,Xiaomi,3
1099900.0,2.0,2.0,8.0,6.1,4000.0,2019.0,OPPO,0
1039200.0,4.0,4.0,13.0,6.6,5000.0,2023.0,Infinix,1
1150000.0,4.0,4.0,13.0,6.52,5000.0,2021.0,OPPO,0
2940000.0,6.0,6.0,64.0,6.67,5160.0,2020.0,POCO,4
1799000.0,4.0,4.0,12.0,5.45,3000.0,2018.0,Xiaomi,3
1800000.0,3.0,3.0,13.0,5.99,4000.0,2018.0,Xiaomi,3
2599000.0,2.0,2.0,13.0,5.2,3100.0,2016.0,Samsung,2
1540000.0,2.0,2.0,13.0,5.5,3000.0,2017.0,Samsung,2
1753000.0,8.0,8.0,50.0,6.78,5000.0,2024.0,itel,9
1834900.0,3.0,3.0,12.0,5.99,4000.0,2017.0,Xiaomi,3
3300000.0,6.0,6.0,24.0,6.0,3300.0,2018.0,Samsung,2
1281000.0,4.0,4.0,50.0,6.5,5000.0,2022.0,Samsung,2
1025000.0,4.0,4.0,13.0,6.67,5000.0,2024.0,Tecno,7
4999000.0,8.0,8.0,50.0,6.78,5200.0,2025.0,Tecno,7
2399000.0,8.0,8.0,50.0,6.67,5000.0,2024.0,Vivo,6
1126900.0,4.0,4.0,8.0,6.74,5000.0,2025.0,Realme,8
5995000.0,12.0,12.0,64.0,6.67,4700.0,2022.0,POCO,4
989000.0,3.0,3.0,13.0,6.53,5020.0,2020.0,Xiaomi,3
1980000.0,4.0,4.0,12.0,5.99,3080.0,2018.0,Xiaomi,3
2699000.0,8.0,8.0,108.0,6.78,5000.0,2024.0,Infinix,1
7799000.0,12.0,12.0,50.0,6.77,6000.0,2025.0,Vivo,6
795000.0,4.0,4.0,8.0,6.53,3000.0,2020.0,MAXTRON,16
1600000.0,4.0,4.0,13.0,6.5,5000.0,2020.0,OPPO,0
3468000.0,4.0,4.0,12.0,6.5,3174.0,2018.0,Apple,5
1600000.0,3.0,3.0,13.0,6.5,4000.0,2019.0,Samsung,2
14329000.0,12.0,12.0,50.0,6.2,4000.0,2025.0,Samsung,2
2289000.0,4.0,4.0,16.0,6.3,4045.0,2019.0,Realme,8
1985000.0,4.0,4.0,16.0,6.4,4000.0,2019.0,Samsung,2
1750000.0,6.0,6.0,64.0,6.67,5020.0,2020.0,Xiaomi,3
2300000.0,6.0,6.0,64.0,6.4,5000.0,2021.0,Samsung,2
2950000.0,4.0,4.0,16.0,6.0,3500.0,2018.0,Samsung,2
3499000.0,3.0,3.0,16.0,5.7,3600.0,2016.0,Samsung,2
2100000.0,4.0,4.0,12.0,6.5,5000.0,2019.0,Realme,8
1200000.0,5.0,5.0,8.0,5.0,2600.0,2016.0,Samsung,2
1068000.0,3.0,3.0,50.0,6.5,5000.0,2022.0,Samsung,2
4240990.0,8.0,8.0,32.0,6.7,4500.0,2019.0,Samsung,2
1650008.0,6.0,6.0,50.0,6.56,5000.0,2023.0,OPPO,0
2299000.0,8.0,8.0,64.0,6.67,5000.0,2023.0,Tecno,7
13760000.0,12.0,12.0,200.0,6.8,5000.0,2023.0,Samsung,2
1350000.0,4.0,4.0,50.0,6.58,5000.0,2022.0,POCO,4
1189000.0,3.0,3.0,13.0,6.82,6000.0,2020.0,Infinix,1
1745000.0,4.0,4.0,50.0,6.6,5000.0,2022.0,Samsung,2
3999000.0,8.0,8.0,50.0,6.6,5100.0,2023.0,Samsung,2
2200000.0,6.0,6.0,50.0,6.6,5000.0,2021.0,Realme,8
1099000.0,4.0,4.0,8.0,6.5,5000.0,2021.0,Realme,8
1441000.0,8.0,8.0,50.0,6.58,5000.0,2022.0,Vivo,6
2628999.0,8.0,8.0,48.0,6.4,4025.0,2020.0,OPPO,0
2699000.0,4.0,4.0,48.0,6.5,5000.0,2020.0,Samsung,2
1200000.0,2.0,2.0,13.0,5.45,3000.0,2018.0,Xiaomi,3
1935000.0,4.0,4.0,13.0,6.6,5000.0,2020.0,Infinix,1
3999000.0,12.0,12.0,12.0,6.9,5000.0,2020.0,Samsung,2
3000000.0,4.0,4.0,25.0,6.4,4000.0,2019.0,Samsung,2
1549000.0,3.0,3.0,16.0,5.5,4050.0,2015.0,Xiaomi,3
1054000.0,2.0,2.0,13.0,5.0,3000.0,2017.0,Xiaomi,3
2399000.0,8.0,8.0,64.0,6.9,5000.0,2021.0,Infinix,1
2950000.0,6.0,6.0,48.0,6.67,5160.0,2021.0,POCO,4
1049000.0,3.0,3.0,48.0,6.5,5000.0,2021.0,Samsung,2
3050000.0,8.0,8.0,64.0,6.5,4500.0,2021.0,Samsung,2
997000.0,3.0,3.0,13.0,6.6,5000.0,2023.0,Infinix,1
1200000.0,2.0,2.0,8.0,5.45,2000.0,2018.0,Lava,17
1800000.0,3.0,3.0,13.0,5.5,4100.0,2016.0,Xiaomi,3
4999000.0,8.0,8.0,50.0,6.7,5000.0,2025.0,Samsung,2
1275000.0,8.0,8.0,50.0,6.6,5000.0,2024.0,itel,9
1389000.0,6.0,6.0,50.0,6.9,6000.0,2025.0,ZTE,14
5210000.0,8.0,8.0,64.0,6.78,6000.0,2021.0,ASUS,13
1850000.0,3.0,3.0,12.0,6.22,5000.0,2019.0,Xiaomi,3
1470000.0,2.0,2.0,8.0,5.0,2630.0,2017.0,Nokia,18
2799000.0,8.0,8.0,50.0,6.72,5000.0,2024.0,OPPO,0
2300000.0,8.0,8.0,48.0,6.43,4310.0,2021.0,OPPO,0
1500000.0,8.0,8.0,50.0,6.6,5000.0,2024.0,Tecno,7
6075840.0,12.0,12.0,50.0,6.67,5000.0,2024.0,Xiaomi,3
1899000.0,6.0,6.0,64.0,6.43,5000.0,2021.0,Xiaomi,3
960000.0,3.0,3.0,13.0,6.6,5000.0,2023.0,Infinix,1
2050000.0,4.0,4.0,48.0,6.3,4035.0,2019.0,Realme,8
8398000.0,12.0,12.0,50.0,6.67,5000.0,2024.0,Xiaomi,3
6834000.0,4.0,4.0,12.0,5.8,3190.0,2019.0,Apple,5
1299000.0,2.0,2.0,13.0,6.2,4000.0,2018.0,Samsung,2
1850000.0,6.0,6.0,64.0,6.43,5000.0,2021.0,Xiaomi,3
23990000.0,12.0,12.0,200.0,6.9,5000.0,2025.0,Samsung,2
2499000.0,8.0,8.0,64.0,6.44,4000.0,2020.0,Vivo,6
2800000.0,4.0,4.0,25.0,6.2,4000.0,2019.0,Samsung,2
1950000.0,6.0,6.0,48.0,6.75,5000.0,2020.0,Infinix,1
1598000.0,4.0,4.0,13.0,6.82,6000.0,2021.0,Infinix,1
1078800.0,4.0,4.0,13.0,6.6,5000.0,2023.0,Infinix,1
1250000.0,3.0,3.0,13.0,6.53,5000.0,2019.0,Vivo,6
1125000.0,4.0,4.0,8.0,6.51,5000.0,2023.0,Vivo,6
3640000.0,4.0,4.0,16.0,6.3,3340.0,2018.0,Huawei,10
600000.0,4.0,4.0,8.0,6.1,3200.0,2020.0,Evercoss,19
3100000.0,6.0,6.0,16.0,6.5,3765.0,2019.0,OPPO,0
1199000.0,2.0,2.0,8.0,6.08,4000.0,2020.0,itel,9
2350000.0,8.0,8.0,50.0,6.56,5000.0,2023.0,OPPO,0
3150000.0,8.0,8.0,48.0,6.4,5000.0,2020.0,Samsung,2
1171000.0,4.0,4.0,32.0,6.88,5200.0,2025.0,Xiaomi,3
3195000.0,8.0,8.0,108.0,6.67,5020.0,2021.0,Xiaomi,3
1258000.0,8.0,8.0,50.0,6.72,5000.0,2024.0,ZTE,14
16399000.0,12.0,12.0,200.0,6.8,5000.0,2024.0,Samsung,2
10000000.0,12.0,12.0,16.0,6.8,4300.0,2019.0,Samsung,2
1199000.0,4.0,4.0,50.0,6.5,5000.0,2022.0,Realme,8
24249030.0,6.0,6.0,48.0,6.7,4323.0,2022.0,Apple,5
3217500.0,8.0,8.0,64.0,6.7,7000.0,2020.0,Samsung,2
1999000.0,4.0,4.0,48.0,6.4,4000.0,2019.0,Samsung,2
1850000.0,3.0,3.0,48.0,6.3,4000.0,2019.0,Xiaomi,3
2199000.0,3.0,3.0,13.0,5.2,3000.0,2018.0,OPPO,0
900000.0,3.0,3.0,13.0,6.51,5000.0,2020.0,Vivo,6
7850000.0,12.0,12.0,50.0,6.78,5500.0,2024.0,Vivo,6
950000.0,3.0,3.0,13.0,6.5,5000.0,2022.0,Samsung,2
9940050.0,12.0,12.0,108.0,6.8,5000.0,2021.0,Samsung,2
1389000.0,3.0,3.0,13.0,6.82,6000.0,2020.0,Infinix,1
3615000.0,8.0,8.0,64.0,6.5,5000.0,2022.0,Samsung,2
3000000.0,8.0,8.0,50.0,6.43,5000.0,2022.0,Xiaomi,3
2000000.0,3.0,3.0,13.0,5.5,4000.0,2015.0,Xiaomi,3
1599000.0,6.0,6.0,48.0,6.53,6000.0,2021.0,Xiaomi,3
1449000.0,1.0,1.0,8.0,4.7,1810.0,2014.0,Apple,5
1799000.0,4.0,4.0,48.0,6.43,5000.0,2021.0,Xiaomi,3
1950000.0,3.0,3.0,13.0,5.5,3000.0,2018.0,Samsung,2
625000.0,1.0,1.0,8.0,5.0,2450.0,2017.0,Evercoss,19
10499000.0,8.0,8.0,50.0,6.2,4000.0,2024.0,Samsung,2
2390000.0,4.0,4.0,12.0,5.99,3000.0,2018.0,Xiaomi,3
1199000.0,4.0,4.0,50.0,6.6,5000.0,2024.0,Infinix,1
2300000.0,3.0,3.0,16.0,5.6,3000.0,2018.0,Samsung,2
1125000.0,3.0,3.0,13.0,6.51,5000.0,2022.0,Vivo,6
1360000.0,4.0,4.0,50.0,6.71,5000.0,2022.0,Xiaomi,3
1650000.0,6.0,6.0,108.0,6.67,5000.0,2022.0,Xiaomi,3
18799000.0,6.0,6.0,48.0,6.1,3200.0,2022.0,Apple,5
2599000.0,6.0,6.0,16.0,6.3,4045.0,2019.0,Realme,8
3499000.0,8.0,8.0,50.0,6.78,4600.0,2023.0,Vivo,6
2599000.0,8.0,8.0,64.0,6.4,4000.0,2019.0,Realme,8
1299000.0,8.0,8.0,48.0,6.5,5000.0,2021.0,Xiaomi,3
3849000.0,8.0,8.0,50.0,6.78,4600.0,2023.0,Vivo,6
1929900.0,4.0,4.0,13.0,6.22,4230.0,2019.0,Realme,8
1969110.0,8.0,8.0,50.0,6.67,5600.0,2025.0,Realme,8
1899000.0,4.0,4.0,64.0,6.5,4300.0,2020.0,Realme,8
2098000.0,8.0,8.0,50.0,6.72,5000.0,2023.0,OPPO,0
2184500.0,4.0,4.0,12.0,6.26,4000.0,2018.0,Xiaomi,3
2155000.0,2.0,2.0,12.0,4.7,1960.0,2016.0,Apple,5
1679000.0,3.0,3.0,13.0,6.2,4030.0,2018.0,Vivo,6
5500000.0,4.0,4.0,12.0,5.8,2716.0,2018.0,Apple,5
850000.0,2.0,2.0,13.0,5.7,3000.0,2019.0,Samsung,2
21000000.0,6.0,6.0,48.0,6.7,4323.0,2022.0,Apple,5
1349000.0,4.0,4.0,50.0,6.6,5000.0,2022.0,Realme,8
1145000.0,4.0,4.0,13.0,6.56,5000.0,2024.0,Vivo,6
1289900.0,4.0,4.0,50.0,6.6,5000.0,2022.0,Realme,8
1225000.0,4.0,4.0,50.0,6.71,5000.0,2022.0,Xiaomi,3
12999000.0,16.0,16.0,50.0,6.68,6000.0,2024.0,Vivo,6
3350000.0,1.0,1.0,8.0,4.7,1810.0,2014.0,Apple,5
3399000.0,8.0,8.0,50.0,6.78,5500.0,2024.0,Vivo,6
1189000.0,4.0,4.0,13.0,6.56,5000.0,2023.0,Tecno,7
15499000.0,6.0,6.0,48.0,6.7,4323.0,2022.0,Apple,5
2025000.0,8.0,8.0,50.0,6.66,6000.0,2022.0,Tecno,7
17833000.0,12.0,12.0,200.0,6.8,5000.0,2024.0,Samsung,2
3550000.0,8.0,8.0,108.0,6.67,5000.0,2023.0,POCO,4
3499000.0,8.0,8.0,50.0,6.67,5800.0,2025.0,OPPO,0
2300000.0,4.0,4.0,16.0,6.53,5000.0,2019.0,Vivo,6
1325000.0,4.0,4.0,50.0,6.55,5000.0,2022.0,Vivo,6
9990000.0,16.0,16.0,108.0,6.8,5000.0,2021.0,Samsung,2
4500000.0,4.0,4.0,12.0,6.5,3174.0,2018.0,Apple,5
499000.0,2.0,2.0,13.0,5.0,4100.0,2017.0,Xiaomi,3
3275000.0,8.0,8.0,200.0,6.8,4500.0,2022.0,Infinix,1
3999000.0,6.0,6.0,48.0,6.4,3765.0,2019.0,OPPO,0
15525000.0,12.0,12.0,200.0,6.8,5000.0,2023.0,Samsung,2
1749000.0,6.0,6.0,50.0,6.72,5000.0,2023.0,OPPO,0
1350000.0,4.0,4.0,19.0,5.7,3425.0,2018.0,Sony,15
2499000.0,3.0,3.0,13.0,6.26,4000.0,2019.0,Huawei,10
1450000.0,4.0,4.0,50.0,6.43,5000.0,2022.0,Xiaomi,3
899000.0,4.0,4.0,13.0,6.71,6000.0,2022.0,POCO,4
1250000.0,4.0,4.0,50.0,6.58,5000.0,2022.0,POCO,4
2699000.0,12.0,12.0,108.0,6.78,5000.0,2023.0,Infinix,1
4799000.0,12.0,12.0,200.0,6.7,5000.0,2023.0,Realme,8
4300000.0,8.0,8.0,64.0,6.5,4500.0,2021.0,Samsung,2
4499000.0,8.0,8.0,50.0,6.7,5000.0,2025.0,Samsung,2
1799000.0,6.0,6.0,64.0,6.43,5000.0,2022.0,POCO,4
10560000.0,8.0,8.0,12.0,6.1,4500.0,2021.0,Sony,15
3099000.0,8.0,8.0,50.0,6.67,5800.0,2025.0,OPPO,0
6499000.0,8.0,8.0,50.0,6.77,6000.0,2025.0,Vivo,6
5199000.0,8.0,8.0,50.0,6.7,5000.0,2025.0,Samsung,2
4500000.0,2.0,2.0,12.0,4.7,1960.0,2016.0,Apple,5
1000000.0,4.0,4.0,8.0,6.5,5000.0,2022.0,Realme,8
1680000.0,4.0,4.0,16.0,6.78,5200.0,2020.0,Infinix,1
1700150.0,2.0,2.0,13.0,6.0,3300.0,2018.0,Samsung,2
19999000.0,6.0,6.0,48.0,6.7,4323.0,2022.0,Apple,5
7177777.0,4.0,4.0,12.0,5.7,3200.0,2017.0,Samsung,2
8300000.0,8.0,8.0,12.0,6.3,3500.0,2019.0,Samsung,2
2200000.0,6.0,6.0,48.0,6.5,5000.0,2020.0,OPPO,0
16999000.0,12.0,12.0,200.0,6.8,5000.0,2024.0,Samsung,2
2329000.0,4.0,4.0,16.0,6.38,4500.0,2019.0,Vivo,6
1029000.0,3.0,3.0,13.0,6.5,5000.0,2022.0,Realme,8
2899000.0,8.0,8.0,64.0,6.5,4200.0,2020.0,Realme,8
1660000.0,1.0,1.0,8.0,4.7,1810.0,2014.0,Apple,5
2649999.0,8.0,8.0,50.0,6.72,6000.0,2024.0,iQOO,11
1090000.0,4.0,4.0,13.0,6.6,5000.0,2023.0,itel,9
3799000.0,6.0,6.0,12.0,6.26,5000.0,2018.0,ASUS,13
2500000.0,4.0,4.0,13.0,5.6,3000.0,2018.0,Samsung,2
1149900.0,2.0,2.0,13.0,6.2,4230.0,2019.0,OPPO,0
5999000.0,6.0,6.0,64.0,6.5,5000.0,2022.0,Samsung,2
2515000.0,4.0,4.0,16.0,6.3,3500.0,2018.0,Realme,8
4348000.0,12.0,12.0,50.0,6.78,4600.0,2023.0,Vivo,6
5000000.0,12.0,12.0,16.0,6.3,3500.0,2019.0,Samsung,2
1900000.0,3.0,3.0,13.0,5.99,5000.0,2018.0,ASUS,13
1900000.0,3.0,3.0,13.0,5.2,3000.0,2017.0,Samsung,2
1063655.0,3.0,3.0,8.0,6.6,5000.0,2021.0,Infinix,1
3800000.0,8.0,8.0,64.0,6.7,4500.0,2020.0,Samsung,2
4450000.0,8.0,8.0,64.0,6.7,7000.0,2021.0,Samsung,2
11998000.0,16.0,16.0,50.0,6.82,6150.0,2024.0,iQOO,11
2300000.0,4.0,4.0,48.0,6.3,4000.0,2019.0,Xiaomi,3
3599000.0,8.0,8.0,64.0,6.7,5000.0,2024.0,OPPO,0
1139900.0,2.0,2.0,13.0,6.6,5000.0,2020.0,Infinix,1
1220000.0,4.0,4.0,50.0,6.7,5000.0,2023.0,Realme,8
6000000.0,3.0,3.0,12.0,5.5,2900.0,2016.0,Apple,5
3549000.0,8.0,8.0,50.0,6.7,5000.0,2024.0,Realme,8
869000.0,4.0,4.0,13.0,6.3,3000.0,2021.0,Coolmi,20
1450000.0,2.0,2.0,13.0,6.0,3360.0,2018.0,Vivo,6
3000000.0,4.0,4.0,24.0,6.0,3300.0,2018.0,Samsung,2
23999000.0,8.0,8.0,48.0,6.7,4323.0,2023.0,Apple,5
8513000.0,8.0,8.0,50.0,6.7,4700.0,2024.0,Samsung,2
2179900.0,6.0,6.0,48.0,6.95,5000.0,2021.0,Infinix,1
6999000.0,12.0,12.0,50.0,6.7,5000.0,2024.0,OPPO,0
1349000.0,3.0,3.0,13.0,6.5,5000.0,2021.0,Realme,8
4749000.0,8.0,8.0,12.0,6.4,4500.0,2022.0,Samsung,2
7650000.0,3.0,3.0,16.0,5.1,2550.0,2015.0,Samsung,2
599000.0,2.0,2.0,8.0,5.0,2630.0,2016.0,OPPO,0
1279900.0,4.0,4.0,50.0,6.56,5000.0,2023.0,OPPO,0
1928000.0,8.0,8.0,108.0,6.5,5000.0,2023.0,Realme,8
1069000.0,4.0,4.0,13.0,6.7,5000.0,2024.0,Infinix,1
17999000.0,12.0,12.0,12.0,6.4,4100.0,2019.0,Samsung,2
2648000.0,3.0,3.0,12.0,5.8,2716.0,2017.0,Apple,5
2749000.0,8.0,8.0,64.0,6.4,4500.0,2021.0,OPPO,0
2699000.0,3.0,3.0,13.0,6.2,4230.0,2018.0,OPPO,0
3399000.0,8.0,8.0,50.0,6.43,4500.0,2022.0,OPPO,0
3189000.0,8.0,8.0,48.0,6.5,5000.0,2021.0,Realme,8
2900000.0,8.0,8.0,108.0,6.67,5000.0,2022.0,Xiaomi,3
13499000.0,6.0,6.0,48.0,6.1,3877.0,2023.0,Apple,5
1700000.0,2.0,2.0,8.0,5.0,2600.0,2018.0,Samsung,2
1139000.0,3.0,3.0,8.0,6.5,5000.0,2022.0,Realme,8
2599000.0,8.0,8.0,64.0,6.5,5000.0,2020.0,Realme,8
1899000.0,8.0,8.0,50.0,6.82,6000.0,2022.0,Tecno,7
899000.0,3.0,3.0,50.0,6.71,5000.0,2023.0,Xiaomi,3
1750000.0,6.0,6.0,48.0,6.43,5000.0,2021.0,OPPO,0
4999000.0,12.0,12.0,50.0,6.67,5000.0,2024.0,OPPO,0
1350000.0,2.0,2.0,12.0,6.2,5000.0,2019.0,Xiaomi,3
1229000.0,4.0,4.0,13.0,6.5,6000.0,2021.0,Realme,8
19740000.0,6.0,6.0,48.0,6.1,3200.0,2022.0,Apple,5
2549000.0,8.0,8.0,50.0,6.7,5000.0,2024.0,Realme,8
889000.0,6.0,6.0,48.0,6.3,4000.0,2019.0,Xiaomi,3
1378000.0,8.0,8.0,50.0,6.7,5000.0,2025.0,ZTE,14
20199000.0,16.0,16.0,50.0,6.68,6000.0,2024.0,Vivo,6
5000000.0,8.0,8.0,48.0,6.5,4000.0,2019.0,Samsung,2
3799000.0,6.0,6.0,64.0,6.67,4500.0,2022.0,POCO,4
9749000.0,6.0,6.0,12.0,6.1,3279.0,2022.0,Apple,5
300000.0,1.0,1.0,8.0,5.5,2650.0,2018.0,Evercoss,19
1000000.0,4.0,4.0,13.0,6.6,6000.0,2023.0,itel,9
1000000.0,4.0,4.0,13.0,6.6,5000.0,2022.0,Infinix,1
2000000.0,2.0,2.0,8.0,5.5,2900.0,2016.0,Lenovo,21
1875000.0,4.0,4.0,16.0,6.3,3500.0,2018.0,OPPO,0
1599000.0,8.0,8.0,50.0,6.8,5000.0,2023.0,Tecno,7
1990000.0,8.0,8.0,50.0,6.67,5100.0,2024.0,OPPO,0
1999999.0,6.0,6.0,48.0,6.4,5000.0,2021.0,Samsung,2
1288000.0,4.0,4.0,13.0,6.51,5000.0,2022.0,Vivo,6
6890000.0,8.0,8.0,50.0,6.4,4500.0,2023.0,Samsung,2
6199000.0,12.0,12.0,50.0,6.7,5000.0,2025.0,Samsung,2
2299000.0,8.0,8.0,50.0,6.67,5000.0,2024.0,Vivo,6
3189900.0,8.0,8.0,50.0,6.67,5000.0,2024.0,OPPO,0
1199000.0,6.0,6.0,13.0,6.5,5000.0,2022.0,OPPO,0
1310000.0,3.0,3.0,13.0,6.6,5000.0,2020.0,Infinix,1
2412300.0,4.0,4.0,48.0,6.4,6000.0,2020.0,Samsung,2
2049000.0,4.0,4.0,12.0,5.99,4000.0,2018.0,Xiaomi,3
1148800.0,3.0,3.0,50.0,6.5,5000.0,2022.0,Realme,8
1295000.0,4.0,4.0,50.0,6.56,5000.0,2024.0,Vivo,6
1515000.0,8.0,8.0,50.0,6.64,5000.0,2023.0,Vivo,6
2999000.0,8.0,8.0,64.0,6.43,4310.0,2020.0,OPPO,0
775000.0,1.0,1.0,5.0,5.0,2000.0,2017.0,Advan,22
1249000.0,4.0,4.0,13.0,6.6,5000.0,2022.0,Infinix,1
1805000.0,3.0,3.0,13.0,6.35,5000.0,2019.0,Vivo,6
2625000.0,2.0,2.0,12.0,4.7,2900.0,2017.0,Apple,5
3189000.0,12.0,12.0,108.0,6.78,4600.0,2024.0,Infinix,1
2300000.0,8.0,8.0,50.0,6.64,5000.0,2023.0,Vivo,6
1800000.0,4.0,4.0,50.0,6.4,5000.0,2022.0,Realme,8
1499000.0,4.0,4.0,13.0,6.51,5000.0,2021.0,OPPO,0
8800000.0,8.0,8.0,12.0,6.4,4100.0,2019.0,Samsung,2
2949000.0,6.0,6.0,48.0,6.4,5000.0,2022.0,Samsung,2
1899000.0,3.0,3.0,13.0,6.35,5000.0,2019.0,Vivo,6
3335000.0,4.0,4.0,64.0,6.67,5020.0,2020.0,Xiaomi,3
1038000.0,3.0,3.0,13.0,6.67,5000.0,2024.0,Tecno,7
19990000.0,12.0,12.0,200.0,6.8,5000.0,2023.0,Samsung,2
2600000.0,4.0,4.0,13.0,6.51,5000.0,2020.0,Vivo,6
1149000.0,4.0,4.0,13.0,6.2,4000.0,2020.0,Advan,22
2415000.0,6.0,6.0,50.0,6.6,5000.0,2022.0,Samsung,2
3300000.0,12.0,12.0,50.0,6.67,5000.0,2023.0,Xiaomi,3
1475000.0,6.0,6.0,50.0,6.7,5000.0,2022.0,Infinix,1
7886000.0,12.0,12.0,50.0,6.78,6000.0,2022.0,ASUS,13
2199900.0,6.0,6.0,50.0,6.6,5000.0,2022.0,Realme,8
2655000.0,6.0,6.0,50.0,6.6,5000.0,2022.0,Samsung,2
2200000.0,8.0,8.0,64.0,6.6,5000.0,2022.0,Realme,8
1100000.0,3.0,3.0,8.0,6.56,5000.0,2022.0,OPPO,0
1199000.0,4.0,4.0,8.0,6.5,5000.0,2022.0,Realme,8
1399000.0,4.0,4.0,13.0,6.56,5000.0,2022.0,OPPO,0
4899000.0,8.0,8.0,12.0,6.5,4500.0,2020.0,Samsung,2
2790000.0,4.0,4.0,13.0,5.5,3000.0,2017.0,Vivo,6
2831755.0,8.0,8.0,108.0,6.7,4500.0,2022.0,Infinix,1
20849000.0,8.0,8.0,48.0,6.1,3650.0,2023.0,Apple,5
585000.0,2.0,2.0,13.0,5.0,3120.0,2016.0,Xiaomi,3
3399000.0,8.0,8.0,50.0,6.78,5500.0,2024.0,Vivo,6
2499000.0,8.0,8.0,50.0,6.58,5000.0,2022.0,Vivo,6
1107000.0,3.0,3.0,13.0,6.5,6000.0,2020.0,Realme,8
1034000.0,3.0,3.0,13.0,6.5,5000.0,2020.0,Samsung,2
6775000.0,8.0,8.0,108.0,6.9,4500.0,2020.0,Samsung,2
8190000.0,8.0,8.0,12.0,6.7,3700.0,2022.0,Samsung,2
14649000.0,6.0,6.0,12.0,6.1,3279.0,2022.0,Apple,5
1630000.0,3.0,3.0,13.0,5.7,4000.0,2018.0,Advan,22
1899000.0,4.0,4.0,13.0,5.5,3080.0,2017.0,Xiaomi,3
1750000.0,6.0,6.0,48.0,6.5,5000.0,2021.0,POCO,4
8490000.0,12.0,12.0,108.0,6.8,5000.0,2021.0,Samsung,2
1049000.0,3.0,3.0,13.0,6.5,5000.0,2021.0,Samsung,2
1089000.0,4.0,4.0,50.0,6.7,5000.0,2024.0,itel,9
1723000.0,8.0,8.0,50.0,6.78,5000.0,2024.0,itel,9
1299000.0,4.0,4.0,50.0,6.7,5000.0,2023.0,Realme,8
7500000.0,6.0,6.0,12.0,5.15,3350.0,2017.0,Xiaomi,3
10450000.0,12.0,12.0,50.0,6.82,6150.0,2024.0,iQOO,11
1349000.0,4.0,4.0,64.0,6.43,5000.0,2022.0,POCO,4
2799000.0,8.0,8.0,108.0,6.72,5000.0,2022.0,Realme,8
1060000.0,4.0,4.0,50.0,6.6,5000.0,2023.0,Tecno,7
9350000.0,8.0,8.0,16.0,6.28,3300.0,2018.0,OnePlus,23
750000.0,1.0,1.0,5.0,5.0,2000.0,2019.0,Advan,22
10000000.0,8.0,8.0,12.0,6.4,4000.0,2018.0,Samsung,2
31864234.0,8.0,8.0,48.0,6.7,4323.0,2023.0,Apple,5
3799000.0,4.0,4.0,48.0,6.5,5000.0,2019.0,OPPO,0
1985000.0,4.0,4.0,12.0,5.84,4000.0,2018.0,Xiaomi,3
2400000.0,2.0,2.0,12.0,4.7,1810.0,2015.0,Apple,5
1249000.0,4.0,4.0,16.0,6.82,6000.0,2023.0,Infinix,1
3581005.0,12.0,12.0,64.0,6.64,5000.0,2023.0,iQOO,11
1099000.0,4.0,4.0,13.0,6.53,5000.0,2022.0,Xiaomi,3
880000.0,6.0,6.0,8.0,6.26,3500.0,2020.0,Aldo,24
4550000.0,12.0,12.0,108.0,6.78,6600.0,2025.0,Honor,25
3726000.0,4.0,4.0,48.0,6.4,5000.0,2020.0,Samsung,2
1200000.0,1.0,1.0,5.0,4.5,2050.0,2015.0,Samsung,2
2849000.0,8.0,8.0,48.0,6.4,5000.0,2022.0,Samsung,2
2850000.0,8.0,8.0,64.0,6.62,4600.0,2023.0,Vivo,6
2195000.0,8.0,8.0,108.0,6.78,5000.0,2024.0,Tecno,7
1850000.0,4.0,4.0,16.0,6.6,4000.0,2019.0,Infinix,1
2430000.0,8.0,8.0,50.0,6.67,5000.0,2024.0,Vivo,6
4499000.0,6.0,6.0,48.0,6.53,4000.0,2019.0,OPPO,0
1685000.0,2.0,2.0,8.0,5.0,2620.0,2017.0,Lava,17
1399000.0,3.0,3.0,13.0,6.82,6000.0,2021.0,Infinix,1
2150000.0,8.0,8.0,13.0,6.53,5000.0,2020.0,Vivo,6
7785000.0,8.0,8.0,48.0,6.39,3300.0,2019.0,Xiaomi,3
3089000.0,8.0,8.0,108.0,6.72,5000.0,2022.0,Realme,8
2785005.0,6.0,6.0,48.0,6.3,4000.0,2019.0,Xiaomi,3
1611600.0,6.0,6.0,50.0,6.58,5000.0,2022.0,Xiaomi,3
2700000.0,8.0,8.0,64.0,6.67,6000.0,2021.0,POCO,4
19388000.0,12.0,12.0,200.0,6.9,5000.0,2025.0,Samsung,2
3125000.0,6.0,6.0,16.0,6.53,5000.0,2019.0,Vivo,6
23500000.0,12.0,12.0,12.0,6.5,5000.0,2022.0,Sony,15
2395000.0,8.0,8.0,48.0,6.44,4100.0,2020.0,Vivo,6
1209000.0,3.0,3.0,13.0,6.5,5000.0,2021.0,Realme,8
869000.0,3.0,3.0,8.0,6.6,5000.0,2024.0,itel,9
2726000.0,8.0,8.0,108.0,6.67,5000.0,2022.0,Xiaomi,3
9347000.0,8.0,8.0,64.0,6.8,4000.0,2020.0,LG,26
11030000.0,6.0,6.0,12.0,6.1,3095.0,2021.0,Apple,5
2756000.0,8.0,8.0,50.0,6.6,5000.0,2022.0,Samsung,2
13190000.0,12.0,12.0,108.0,6.8,5000.0,2022.0,Samsung,2
6198000.0,8.0,8.0,48.0,6.4,4035.0,2019.0,OPPO,0
2450000.0,6.0,6.0,50.0,6.58,5000.0,2022.0,POCO,4
3999000.0,8.0,8.0,108.0,6.67,5000.0,2021.0,Xiaomi,3
795000.0,3.0,3.0,8.0,6.26,3200.0,2020.0,MAXTRON,16
1600000.0,3.0,3.0,13.0,6.3,5000.0,2019.0,Samsung,2
843000.0,2.0,2.0,8.0,6.6,5000.0,2021.0,Infinix,1
1375000.0,3.0,3.0,13.0,6.4,5000.0,2020.0,Samsung,2
2800000.0,3.0,3.0,23.0,5.2,2900.0,2015.0,Sony,15
1275000.0,4.0,4.0,50.0,6.5,6000.0,2021.0,Realme,8
12500000.0,12.0,12.0,108.0,6.9,5000.0,2020.0,Samsung,2
7340000.0,6.0,6.0,48.0,6.39,3300.0,2019.0,Xiaomi,3
9600000.0,4.0,4.0,12.0,5.8,3000.0,2018.0,Samsung,2
2534000.0,8.0,8.0,108.0,6.72,5000.0,2024.0,ZTE,14
9700000.0,12.0,12.0,50.0,6.78,5500.0,2025.0,ASUS,13
1699000.0,2.0,2.0,13.0,5.7,3180.0,2017.0,OPPO,0
1299000.0,6.0,6.0,50.0,6.7,5000.0,2024.0,Realme,8
1375000.0,4.0,4.0,16.0,6.78,5200.0,2020.0,Infinix,1
2100000.0,2.0,2.0,12.0,4.7,1715.0,2015.0,Apple,5
1747500.0,6.0,6.0,50.0,6.72,5000.0,2023.0,OPPO,0
5125000.0,12.0,12.0,200.0,6.67,5000.0,2024.0,Xiaomi,3
1800000.0,3.0,3.0,13.0,6.4,4000.0,2019.0,Samsung,2
3919900.0,8.0,8.0,64.0,6.4,4025.0,2020.0,OPPO,0
4299000.0,8.0,8.0,108.0,6.67,5000.0,2022.0,Xiaomi,3
1300000.0,3.0,3.0,13.0,5.0,2600.0,2016.0,Advan,22
1175000.0,2.0,2.0,13.0,6.82,6000.0,2021.0,Infinix,1
1699000.0,6.0,6.0,50.0,6.55,5000.0,2022.0,Vivo,6
2599900.0,6.0,6.0,16.0,6.3,4045.0,2019.0,Realme,8
1849000.0,8.0,8.0,50.0,6.67,5000.0,2024.0,Realme,8
805000.0,1.0,1.0,5.0,5.0,2000.0,2016.0,Advan,22
2001000.0,3.0,3.0,12.0,6.2,5000.0,2019.0,Xiaomi,3
2350000.0,6.0,6.0,12.0,6.5,5000.0,2020.0,OPPO,0
2100000.0,2.0,2.0,8.0,5.0,2600.0,2016.0,Samsung,2
1200000.0,6.0,6.0,13.0,6.51,5000.0,2020.0,Vivo,6
1675000.0,6.0,6.0,16.0,6.82,7000.0,2022.0,Tecno,7
3508000.0,4.0,4.0,12.0,6.5,3174.0,2018.0,Apple,5
3499000.0,6.0,6.0,24.0,6.3,3800.0,2018.0,Samsung,2
1485000.0,2.0,2.0,8.0,5.0,4000.0,2017.0,Motorola,27
7175000.0,12.0,12.0,108.0,6.9,5000.0,2020.0,Samsung,2
3050000.0,8.0,8.0,108.0,6.7,4800.0,2023.0,OPPO,0
750000.0,3.0,3.0,8.0,6.0,3000.0,2020.0,MAXTRON,16
2320000.0,8.0,8.0,50.0,6.6,5000.0,2022.0,Samsung,2
3790000.0,6.0,6.0,12.0,5.8,3100.0,2019.0,Samsung,2
1675000.0,4.0,4.0,13.0,5.0,4100.0,2017.0,Xiaomi,3
9442550.0,12.0,12.0,108.0,6.9,4500.0,2020.0,Samsung,2
2798000.0,8.0,8.0,64.0,6.78,5000.0,2023.0,Vivo,6
3615000.0,6.0,6.0,48.0,6.67,4520.0,2021.0,POCO,4
1649000.0,6.0,6.0,13.0,6.82,5000.0,2022.0,Infinix,1
740000.0,1.0,1.0,5.0,5.0,2450.0,2019.0,Advan,22
1699000.0,3.0,3.0,13.0,6.22,4230.0,2019.0,Realme,8
1700000.0,4.0,4.0,48.0,6.53,6000.0,2021.0,Xiaomi,3
3099000.0,6.0,6.0,108.0,6.67,5000.0,2023.0,POCO,4
1250000.0,2.0,2.0,8.0,5.0,2600.0,2015.0,Samsung,2
13995000.0,12.0,12.0,50.0,6.7,4900.0,2024.0,Samsung,2
529000.0,3.0,3.0,8.0,6.1,3200.0,2021.0,Evercoss,19
5800000.0,8.0,8.0,12.0,6.1,3400.0,2019.0,Samsung,2
3600000.0,1.0,1.0,8.0,4.7,1810.0,2014.0,Apple,5
2999000.0,8.0,8.0,64.0,6.6,4300.0,2020.0,Realme,8
2166110.0,8.0,8.0,108.0,6.4,5000.0,2022.0,Realme,8
1814999.0,3.0,3.0,13.0,6.2,4230.0,2018.0,Realme,8
950000.0,2.0,2.0,13.0,5.7,3300.0,2019.0,China,28
7426000.0,8.0,8.0,50.0,6.1,3700.0,2022.0,Samsung,2
19999000.0,16.0,16.0,50.0,6.73,5410.0,2025.0,Xiaomi,3
2500000.0,4.0,4.0,13.0,6.2,4230.0,2018.0,Realme,8
600000.0,2.0,2.0,13.0,6.1,3000.0,2022.0,Advan,22
1250000.0,3.0,3.0,8.0,5.0,2650.0,2017.0,Advan,22
1899000.0,2.0,2.0,8.0,5.0,2200.0,2015.0,Infinix,1
5290000.0,8.0,8.0,108.0,6.67,5000.0,2021.0,Xiaomi,3
21200000.0,6.0,6.0,48.0,6.1,3200.0,2022.0,Apple,5
2100000.0,6.0,6.0,48.0,6.6,5000.0,2021.0,Samsung,2
7999000.0,8.0,8.0,50.0,5.9,4300.0,2022.0,ASUS,13
1590000.0,6.0,6.0,50.0,6.78,5000.0,2021.0,Infinix,1
1599000.0,8.0,8.0,50.0,6.78,5000.0,2022.0,Infinix,1
1839000.0,3.0,3.0,13.0,5.0,2750.0,2015.0,Lenovo,21
545000.0,2.0,2.0,5.0,5.5,3000.0,2021.0,MAXTRON,16
988000.0,4.0,4.0,50.0,6.6,5000.0,2024.0,ZTE,14
3599000.0,8.0,8.0,64.0,6.7,5000.0,2021.0,Samsung,2
2080000.0,2.0,2.0,13.0,5.0,2300.0,2016.0,Sony,15
725000.0,1.0,1.0,5.0,4.0,1450.0,2014.0,Evercoss,19
1199000.0,4.0,4.0,13.0,6.6,5000.0,2022.0,Infinix,1
2199000.0,4.0,4.0,48.0,6.5,5000.0,2020.0,Samsung,2
9949900.0,8.0,8.0,64.0,6.57,4000.0,2020.0,Huawei,10
16999000.0,16.0,16.0,50.0,6.73,5410.0,2025.0,Xiaomi,3
1089000.0,3.0,3.0,13.0,6.5,5000.0,2021.0,Vivo,6
1500000.0,4.0,4.0,48.0,6.82,5000.0,2021.0,Infinix,1
4999000.0,8.0,8.0,64.0,6.7,5000.0,2021.0,Samsung,2
6049900.0,12.0,12.0,50.0,6.7,5000.0,2024.0,OPPO,0
8955000.0,16.0,16.0,50.0,6.74,4600.0,2023.0,Realme,8
8699000.0,8.0,8.0,12.0,6.7,3300.0,2021.0,Samsung,2
1249900.0,2.0,2.0,13.0,6.1,4000.0,2019.0,Realme,8
5000000.0,3.0,3.0,12.0,5.5,2900.0,2017.0,Apple,5
12968000.0,12.0,12.0,50.0,6.8,4300.0,2023.0,OPPO,0
2247000.0,8.0,8.0,108.0,6.78,5000.0,2024.0,Infinix,1
7350000.0,4.0,4.0,12.0,5.8,3000.0,2017.0,Samsung,2
20999000.0,12.0,12.0,200.0,6.9,5000.0,2025.0,Samsung,2
2249000.0,2.0,2.0,12.0,4.7,1715.0,2015.0,Apple,5
2050000.0,5.0,5.0,8.0,5.0,2600.0,2015.0,Samsung,2
5799900.0,4.0,4.0,16.0,6.0,3500.0,2017.0,Samsung,2
1299000.0,3.0,3.0,13.0,5.0,3500.0,2020.0,Luna,29
1389000.0,3.0,3.0,13.0,6.5,6000.0,2020.0,Realme,8
1150000.0,4.0,4.0,13.0,6.52,4230.0,2020.0,OPPO,0
1200000.0,4.0,4.0,48.0,6.5,6000.0,2021.0,Realme,8
1389000.0,4.0,4.0,50.0,6.5,5000.0,2022.0,Samsung,2
2249000.0,6.0,6.0,50.0,6.6,6000.0,2023.0,Samsung,2
900000.0,2.0,2.0,5.0,5.7,3020.0,2021.0,itel,9
1120000.0,4.0,4.0,50.0,6.6,5000.0,2022.0,Realme,8
699000.0,3.0,3.0,5.0,6.1,3000.0,2020.0,Advan,22
1399000.0,4.0,4.0,13.0,6.6,5200.0,2021.0,Infinix,1
2000000.0,1.0,1.0,8.0,4.0,1560.0,2013.0,Apple,5
5700000.0,6.0,6.0,12.0,6.4,4000.0,2018.0,Samsung,2
4125000.0,8.0,8.0,48.0,6.67,4520.0,2021.0,POCO,4
2123000.0,8.0,8.0,50.0,6.6,4500.0,2023.0,ZTE,14
1299000.0,3.0,3.0,13.0,6.5,5000.0,2021.0,Samsung,2
4992000.0,6.0,6.0,13.0,6.3,5000.0,2019.0,Samsung,2
1719000.0,8.0,8.0,50.0,6.64,5000.0,2023.0,Vivo,6
13799000.0,6.0,6.0,48.0,6.1,3877.0,2023.0,Apple,5
8999000.0,8.0,8.0,48.0,6.6,4065.0,2019.0,OPPO,0
2595000.0,8.0,8.0,50.0,6.7,5000.0,2022.0,Infinix,1
1000000.0,2.0,2.0,13.0,6.2,3400.0,2019.0,Samsung,2
1999000.0,4.0,4.0,48.0,6.5,4300.0,2020.0,Realme,8
2799900.0,8.0,8.0,64.0,6.72,5000.0,2023.0,OPPO,0
1125000.0,2.0,2.0,8.0,5.0,2450.0,2017.0,Evercoss,19
1700000.0,3.0,3.0,13.0,6.51,5000.0,2020.0,Vivo,6
3890000.0,4.0,4.0,24.0,6.0,3300.0,2018.0,Samsung,2
2350000.0,8.0,8.0,108.0,6.5,5000.0,2023.0,Realme,8
10380000.0,4.0,4.0,19.0,6.0,3300.0,2018.0,Sony,15
750000.0,4.0,4.0,8.0,6.6,5000.0,2024.0,itel,9
2100000.0,8.0,8.0,64.0,6.53,4000.0,2020.0,Huawei,10
2698900.0,8.0,8.0,64.0,6.4,5000.0,2021.0,Samsung,2
2200000.0,4.0,4.0,13.0,5.5,4100.0,2016.0,Xiaomi,3
999700.0,2.0,2.0,13.0,6.22,5000.0,2019.0,Xiaomi,3
800000.0,2.0,2.0,8.0,6.6,5000.0,2021.0,Samsung,2
11399000.0,6.0,6.0,12.0,6.2,3500.0,2018.0,Samsung,2
1899000.0,4.0,4.0,13.0,6.21,3400.0,2018.0,Honor,25
2549999.0,8.0,8.0,48.0,6.38,4500.0,2018.0,Vivo,6
4999000.0,8.0,8.0,64.0,6.67,5000.0,2020.0,Xiaomi,3
899000.0,2.0,2.0,8.0,6.5,4000.0,2021.0,itel,9
8990000.0,8.0,8.0,50.0,6.1,3900.0,2023.0,Samsung,2
964000.0,3.0,3.0,13.0,6.6,5000.0,2023.0,itel,9
1499000.0,4.0,4.0,48.0,6.5,6000.0,2021.0,Realme,8
1519050.0,2.0,2.0,13.0,5.45,4100.0,2018.0,Lenovo,21
9999000.0,8.0,8.0,48.0,6.59,6000.0,2019.0,ASUS,13
19949000.0,6.0,6.0,12.0,6.7,3095.0,2021.0,Apple,5
3099000.0,12.0,12.0,50.0,6.72,6000.0,2024.0,iQOO,11
459000.0,2.0,2.0,13.0,5.5,3060.0,2015.0,Xiaomi,3
1149000.0,2.0,2.0,8.0,6.6,4000.0,2019.0,Infinix,1
977000.0,4.0,4.0,13.0,6.6,5000.0,2023.0,itel,9
536500.0,2.0,2.0,5.0,5.5,3000.0,2020.0,Advan,22
1000000.0,2.0,2.0,8.0,6.51,5000.0,2022.0,Vivo,6
2487500.0,6.0,6.0,64.0,6.67,6000.0,2020.0,POCO,4
25511000.0,12.0,12.0,50.0,7.6,4400.0,2024.0,Samsung,2
1699000.0,2.0,2.0,13.0,5.0,4100.0,2015.0,Xiaomi,3
11499000.0,12.0,12.0,16.0,6.8,4300.0,2019.0,Samsung,2
2185000.0,4.0,4.0,13.0,5.5,4100.0,2017.0,Xiaomi,3
2750000.0,8.0,8.0,64.0,6.8,5000.0,2020.0,LG,26
17199000.0,12.0,12.0,50.0,6.68,6000.0,2024.0,Vivo,6
3499000.0,8.0,8.0,64.0,6.67,4500.0,2021.0,Black,30
3199000.0,8.0,8.0,64.0,6.43,4500.0,2022.0,OPPO,0
1699000.0,3.0,3.0,13.0,6.0,3300.0,2018.0,Samsung,2
1500000.0,6.0,6.0,50.0,6.64,5000.0,2023.0,Vivo,6
1250000.0,4.0,4.0,13.0,6.52,4230.0,2022.0,OPPO,0
10500000.0,6.0,6.0,12.0,6.2,3500.0,2018.0,Samsung,2
5998000.0,12.0,12.0,50.0,6.7,5200.0,2024.0,Realme,8
1325000.0,4.0,4.0,50.0,6.55,5000.0,2022.0,Vivo,6
1599000.0,3.0,3.0,12.0,5.45,3000.0,2018.0,Xiaomi,3
1011019.0,2.0,2.0,5.0,6.6,4000.0,2022.0,itel,9
1034000.0,2.0,2.0,8.0,6.5,5000.0,2021.0,Realme,8
1250000.0,8.0,8.0,50.0,6.6,5000.0,2023.0,Tecno,7
2375000.0,2.0,2.0,12.0,4.7,2900.0,2017.0,Apple,5
1100000.0,2.0,2.0,8.0,5.2,2800.0,2019.0,China,28
9300000.0,4.0,4.0,12.0,6.5,3500.0,2019.0,Apple,5
6249000.0,8.0,8.0,12.0,6.5,4500.0,2020.0,Samsung,2
5799000.0,8.0,8.0,50.0,6.57,4300.0,2021.0,Huawei,10
2299000.0,8.0,8.0,50.0,6.58,5000.0,2022.0,Vivo,6
1299000.0,4.0,4.0,13.0,6.82,6000.0,2022.0,Infinix,1
12199000.0,8.0,8.0,50.0,6.2,4000.0,2024.0,Samsung,2
1355000.0,4.0,4.0,50.0,6.5,5000.0,2022.0,Realme,8
2025000.0,8.0,8.0,50.0,6.78,5000.0,2023.0,itel,9
11050000.0,8.0,8.0,12.0,6.7,3700.0,2023.0,Samsung,2
2999900.0,8.0,8.0,64.0,6.44,4500.0,2022.0,Vivo,6
6700000.0,4.0,4.0,12.0,5.5,3600.0,2016.0,Samsung,2
10900000.0,12.0,12.0,16.0,6.8,4300.0,2019.0,Samsung,2
13249000.0,12.0,12.0,50.0,6.59,5630.0,2024.0,OPPO,0
2000000.0,3.0,3.0,13.0,6.22,3400.0,2019.0,Samsung,2
6500000.0,4.0,4.0,19.0,5.7,3180.0,2018.0,Sony,15
3250000.0,2.0,2.0,12.0,4.7,1715.0,2015.0,Apple,5
3880000.0,12.0,12.0,12.0,6.7,4500.0,2020.0,Samsung,2
14190000.0,12.0,12.0,108.0,6.8,5000.0,2022.0,Samsung,2
3000000.0,6.0,6.0,12.0,6.18,4000.0,2018.0,Xiaomi,3
7689000.0,12.0,12.0,50.0,6.78,5500.0,2024.0,Realme,8
1149000.0,3.0,3.0,13.0,6.51,5000.0,2022.0,Vivo,6
1357300.0,6.0,6.0,16.0,6.6,5200.0,2020.0,Advan,22
4999000.0,12.0,12.0,50.0,6.7,5000.0,2022.0,Realme,8
575000.0,4.0,4.0,13.0,5.7,3180.0,2018.0,OPPO,0
2500000.0,8.0,8.0,64.0,6.95,5000.0,2021.0,Infinix,1
9848000.0,4.0,4.0,12.0,5.8,3000.0,2018.0,Samsung,2
8709000.0,8.0,8.0,12.0,6.2,4000.0,2020.0,Samsung,2
2245000.0,6.0,6.0,50.0,6.7,5000.0,2025.0,Samsung,2
843000.0,8.0,8.0,16.0,6.38,4500.0,2019.0,Vivo,6
7990000.0,8.0,8.0,2.0,6.0,4080.0,2020.0,Google,31
3238000.0,8.0,8.0,50.0,6.5,6000.0,2023.0,Samsung,2
2399000.0,8.0,8.0,50.0,6.78,5000.0,2022.0,Infinix,1
2018900.0,2.0,2.0,12.0,4.7,1860.0,2014.0,Samsung,2
1555000.0,3.0,3.0,13.0,5.5,3500.0,2016.0,Advan,22
1000000.0,2.0,2.0,13.0,6.22,4030.0,2019.0,Vivo,6
1645000.0,3.0,3.0,12.0,6.52,5000.0,2019.0,Realme,8
899000.0,4.0,4.0,13.0,6.39,4500.0,2022.0,Luna,29
785000.0,1.0,1.0,5.0,4.5,2000.0,2017.0,Lava,17
1800000.0,3.0,3.0,12.0,5.99,3080.0,2018.0,Xiaomi,3
1000000.0,3.0,3.0,13.0,6.52,4230.0,2022.0,OPPO,0
1050000.0,4.0,4.0,13.0,6.82,6000.0,2022.0,Infinix,1
5799000.0,12.0,12.0,108.0,6.67,5000.0,2021.0,Xiaomi,3
1739000.0,4.0,4.0,13.0,6.47,5000.0,2020.0,Vivo,6
2499000.0,8.0,8.0,50.0,6.51,5000.0,2022.0,Vivo,6
25049000.0,16.0,16.0,50.0,8.03,5700.0,2024.0,Vivo,6
3199000.0,8.0,8.0,64.0,6.43,4500.0,2022.0,OPPO,0
1119000.0,2.0,2.0,13.0,5.5,3300.0,2017.0,Advan,22
602000.0,1.0,1.0,5.0,5.0,2100.0,2017.0,Evercoss,19
168000.0,3.0,3.0,13.0,6.0,3500.0,2018.0,Nokia,18
2399000.0,8.0,8.0,48.0,6.44,4500.0,2020.0,Vivo,6
2350000.0,8.0,8.0,48.0,6.4,4000.0,2019.0,OPPO,0
1049000.0,3.0,3.0,13.0,6.51,5000.0,2020.0,Vivo,6
799000.0,2.0,2.0,8.0,6.5,4000.0,2021.0,itel,9
2649000.0,2.0,2.0,12.0,5.5,2750.0,2015.0,Apple,5
1499000.0,4.0,4.0,13.0,6.82,6000.0,2022.0,Infinix,1
3654000.0,8.0,8.0,64.0,6.67,5000.0,2023.0,Tecno,7
18000000.0,8.0,8.0,48.0,6.1,3650.0,2023.0,Apple,5
4239900.0,12.0,12.0,50.0,6.67,5000.0,2024.0,OPPO,0
4999000.0,8.0,8.0,50.0,6.67,5800.0,2025.0,OPPO,0
1750000.0,6.0,6.0,50.0,6.51,5000.0,2022.0,Vivo,6
7000000.0,8.0,8.0,40.0,6.53,4500.0,2019.0,Huawei,10
2750000.0,8.0,8.0,64.0,6.85,4500.0,2020.0,Infinix,1
21999000.0,24.0,24.0,50.0,6.78,5800.0,2025.0,ASUS,13
6500000.0,8.0,8.0,12.0,6.4,4500.0,2022.0,Samsung,2
7899000.0,6.0,6.0,12.0,6.5,3330.0,2019.0,Sony,15
2484000.0,8.0,8.0,48.0,6.58,5000.0,2020.0,Vivo,6
2825000.0,6.0,6.0,64.0,6.96,5000.0,2021.0,Infinix,1
2599000.0,8.0,8.0,64.0,6.4,4500.0,2020.0,Realme,8
1500000.0,2.0,2.0,13.0,6.2,4230.0,2019.0,Realme,8
999200.0,1.0,1.0,5.0,4.5,1900.0,2015.0,Smartfren,32
913000.0,1.0,1.0,8.0,4.5,2000.0,2017.0,SPC,33
498000.0,2.0,2.0,8.0,5.0,2500.0,2019.0,Aldo,24
2939000.0,4.0,4.0,12.0,5.9,4000.0,2018.0,Xiaomi,3
3199000.0,8.0,8.0,64.0,6.44,4200.0,2022.0,Vivo,6
2665000.0,8.0,8.0,50.0,6.7,5000.0,2022.0,Infinix,1
3849000.0,12.0,12.0,50.0,6.7,5000.0,2024.0,Realme,8
1545000.0,2.0,2.0,13.0,5.45,3000.0,2018.0,Xiaomi,3
8329000.0,6.0,6.0,1.0,6.2,3200.0,2020.0,Sharp,34
13449000.0,12.0,12.0,50.0,6.7,4000.0,2024.0,Samsung,2
2679000.0,12.0,12.0,64.0,6.62,4600.0,2023.0,Vivo,6
1889000.0,3.0,3.0,13.0,6.5,5000.0,2020.0,OPPO,0
980000.0,4.0,4.0,8.0,6.6,5000.0,2023.0,itel,9
14517050.0,12.0,12.0,50.0,7.6,4400.0,2022.0,Samsung,2
11600000.0,6.0,6.0,40.0,6.1,4000.0,2017.0,Huawei,10
1599000.0,2.0,2.0,8.0,5.0,2700.0,2015.0,Lava,17
1179000.0,3.0,3.0,8.0,6.82,5000.0,2022.0,Infinix,1
1600000.0,2.0,2.0,12.0,5.7,3300.0,2017.0,Xiaomi,3
1200000.0,1.0,1.0,8.0,5.0,2500.0,2017.0,Lava,17
4899000.0,12.0,12.0,50.0,6.78,4600.0,2023.0,Vivo,6
1275000.0,8.0,8.0,48.0,6.44,4100.0,2020.0,Vivo,6
2500000.0,4.0,4.0,13.0,6.0,3410.0,2018.0,OPPO,0
2399000.0,8.0,8.0,64.0,6.4,4050.0,2021.0,Vivo,6
1499000.0,4.0,4.0,13.0,6.56,5000.0,2022.0,OPPO,0
11626000.0,16.0,16.0,50.0,5.92,4300.0,2023.0,ASUS,13
20350750.0,12.0,12.0,12.0,6.5,5000.0,2022.0,Sony,15
2399000.0,8.0,8.0,108.0,6.7,4500.0,2022.0,Infinix,1
4000000.0,6.0,6.0,48.0,6.4,3765.0,2019.0,OPPO,0
3799000.0,8.0,8.0,64.0,6.6,5000.0,2021.0,POCO,4
1499000.0,4.0,4.0,48.0,6.5,5000.0,2021.0,Samsung,2
1349000.0,4.0,4.0,50.0,6.78,5000.0,2021.0,Infinix,1
8499000.0,12.0,12.0,50.0,6.8,6000.0,2023.0,ZTE,14
2500000.0,6.0,6.0,64.0,6.95,5200.0,2020.0,Infinix,1
2950000.0,6.0,6.0,48.0,6.53,4000.0,2019.0,Vivo,6
1000000.0,3.0,3.0,12.0,6.26,4000.0,2019.0,Xiaomi,3
5450000.0,8.0,8.0,64.0,6.2,4000.0,2021.0,Samsung,2
1479000.0,3.0,3.0,13.0,5.5,4100.0,2017.0,Xiaomi,3
699900.0,1.0,1.0,8.0,5.0,2600.0,2017.0,Mito,35
2550000.0,4.0,4.0,16.0,6.0,3500.0,2018.0,Samsung,2
4000000.0,8.0,8.0,16.0,6.3,3500.0,2018.0,Realme,8
5500000.0,6.0,6.0,48.0,6.4,6000.0,2019.0,Samsung,2
2000000.0,4.0,4.0,48.0,6.5,5000.0,2019.0,Realme,8
24049000.0,6.0,6.0,48.0,6.1,3200.0,2022.0,Apple,5
999000.0,3.0,3.0,13.0,6.71,6000.0,2022.0,POCO,4
10990000.0,8.0,8.0,50.0,6.6,4700.0,2023.0,Samsung,2
13499000.0,6.0,6.0,48.0,6.7,4912.0,2023.0,Apple,5
26050000.0,8.0,8.0,48.0,6.7,4323.0,2023.0,Apple,5
1649000.0,4.0,4.0,50.0,6.6,5000.0,2022.0,Samsung,2
1182000.0,4.0,4.0,50.0,6.6,6000.0,2024.0,Infinix,1
16800000.0,12.0,12.0,50.0,6.7,4900.0,2025.0,Samsung,2
26679000.0,8.0,8.0,48.0,6.1,3650.0,2023.0,Apple,5
1500000.0,2.0,2.0,13.0,5.2,3000.0,2017.0,OPPO,0
2859000.0,8.0,8.0,108.0,6.72,5000.0,2024.0,Realme,8
1315100.0,8.0,8.0,50.0,6.6,5000.0,2024.0,Tecno,7
1460000.0,4.0,4.0,48.0,6.5,5000.0,2021.0,POCO,4
2999000.0,6.0,6.0,64.0,6.67,6000.0,2020.0,POCO,4
3139000.0,8.0,8.0,108.0,6.4,4500.0,2021.0,Realme,8
6790000.0,8.0,8.0,12.0,6.7,4300.0,2020.0,Samsung,2
2990000.0,12.0,12.0,50.0,6.72,5000.0,2024.0,Realme,8
2384000.0,6.0,6.0,48.0,6.4,5000.0,2021.0,Samsung,2
3150000.0,6.0,6.0,50.0,6.51,5000.0,2022.0,OPPO,0
16500000.0,16.0,16.0,50.0,6.78,5400.0,2024.0,Vivo,6
1559400.0,4.0,4.0,13.0,6.5,5000.0,2021.0,Realme,8
2699000.0,6.0,6.0,108.0,6.67,5020.0,2021.0,Xiaomi,3
4500000.0,6.0,6.0,21.0,6.3,10000.0,2020.0,Doogee,36
1599000.0,4.0,4.0,50.0,6.58,5000.0,2022.0,Xiaomi,3
18627000.0,16.0,16.0,50.0,6.78,5910.0,2024.0,OPPO,0
899000.0,2.0,2.0,8.0,6.5,5000.0,2021.0,Realme,8
2299000.0,3.0,3.0,13.0,5.65,4000.0,2018.0,Infinix,1
1575000.0,2.0,2.0,13.0,6.22,3400.0,2019.0,Samsung,2
890000.0,3.0,3.0,8.0,6.52,5000.0,2023.0,Xiaomi,3
1518000.0,4.0,4.0,50.0,6.5,6000.0,2021.0,Realme,8
15025000.0,16.0,16.0,50.0,6.59,5630.0,2024.0,OPPO,0
1200000.0,2.0,2.0,13.0,5.2,3070.0,2017.0,Meizu,37
1168000.0,2.0,2.0,13.0,6.52,5000.0,2020.0,Tecno,7
4799000.0,8.0,8.0,48.0,6.25,3750.0,2019.0,Huawei,10
980000.0,1.0,1.0,8.0,5.14,3000.0,2020.0,Samsung,2
12590000.0,8.0,8.0,108.0,6.8,5000.0,2022.0,Samsung,2
2500000.0,4.0,4.0,13.0,6.4,5000.0,2019.0,Samsung,2
9750000.0,3.0,3.0,13.0,4.7,3800.0,2016.0,CAT,38
1499000.0,4.0,4.0,50.0,6.6,5000.0,2022.0,Realme,8
41000000.0,8.0,8.0,40.0,8.0,4500.0,2020.0,Huawei,10
1499000.0,2.0,2.0,13.0,6.22,4030.0,2019.0,Vivo,6
3749000.0,4.0,4.0,48.0,6.54,4000.0,2019.0,OPPO,0
1949000.0,4.0,4.0,13.0,5.5,3000.0,2017.0,BlackBerry,39
1399000.0,4.0,4.0,50.0,6.51,5000.0,2021.0,Vivo,6
1199000.0,4.0,4.0,13.0,6.5,5000.0,2021.0,Samsung,2
1355000.0,4.0,4.0,50.0,6.5,5000.0,2021.0,Xiaomi,3
12985000.0,12.0,12.0,108.0,6.67,4650.0,2022.0,Black,30
3270000.0,4.0,4.0,12.0,6.26,5000.0,2018.0,ASUS,13
5699000.0,8.0,8.0,50.0,6.28,4500.0,2022.0,Xiaomi,3
4049000.0,12.0,12.0,50.0,6.7,4600.0,2023.0,OPPO,0
1589000.0,2.0,2.0,13.0,5.5,2600.0,2015.0,Sony,15
685000.0,1.0,1.0,5.0,4.0,1500.0,2015.0,Advan,22
2299000.0,5.0,5.0,8.0,5.0,2600.0,2015.0,Samsung,2
1375000.0,2.0,2.0,8.0,5.0,2300.0,2016.0,Lenovo,21
1188000.0,1.0,1.0,5.0,5.5,2450.0,2018.0,Advan,22
1929000.0,4.0,4.0,13.0,6.22,4030.0,2018.0,Vivo,6
3639000.0,8.0,8.0,48.0,6.44,4100.0,2019.0,Vivo,6
5099000.0,8.0,8.0,48.0,6.5,4000.0,2019.0,OPPO,0
8490000.0,8.0,8.0,12.0,6.7,4300.0,2020.0,Samsung,2
7749000.0,8.0,8.0,64.0,6.59,6000.0,2020.0,ASUS,13
1429000.0,4.0,4.0,48.0,6.5,6000.0,2020.0,Realme,8
3195000.0,8.0,8.0,64.0,6.6,5000.0,2021.0,POCO,4
2999000.0,6.0,6.0,64.0,6.6,5000.0,2022.0,Realme,8
4099000.0,8.0,8.0,108.0,6.7,5000.0,2022.0,Samsung,2
1249000.0,4.0,4.0,8.0,6.5,5000.0,2022.0,Realme,8
1199000.0,4.0,4.0,13.0,6.6,6000.0,2023.0,itel,9
25450000.0,8.0,8.0,48.0,6.1,3650.0,2023.0,Apple,5
6299000.0,12.0,12.0,50.0,6.7,5000.0,2024.0,OPPO,0
858000.0,4.0,4.0,13.0,6.75,5000.0,2024.0,ZTE,14
14999000.0,12.0,12.0,50.0,6.67,5800.0,2024.0,Vivo,6
11668000.0,12.0,12.0,50.0,6.78,5500.0,2025.0,ASUS,13
1099000.0,4.0,4.0,13.0,6.51,5000.0,2022.0,Vivo,6
7512250.0,6.0,6.0,50.0,5.9,4300.0,2022.0,ASUS,13
3950000.0,8.0,8.0,64.0,6.5,4500.0,2021.0,Samsung,2
3399000.0,8.0,8.0,100.0,6.7,5000.0,2023.0,Realme,8
2399000.0,8.0,8.0,48.0,6.5,4500.0,2020.0,Realme,8
4719000.0,12.0,12.0,50.0,6.7,5000.0,2024.0,Realme,8
6119000.0,6.0,6.0,12.0,6.5,4500.0,2020.0,Samsung,2
2620000.0,3.0,3.0,13.0,5.5,3300.0,2016.0,Samsung,2
17500000.0,16.0,16.0,108.0,6.9,5000.0,2020.0,Samsung,2
1090000.0,1.0,1.0,5.0,5.0,2300.0,2018.0,Samsung,2
2369000.0,4.0,4.0,12.0,6.26,3350.0,2018.0,Xiaomi,3
1549000.0,1.0,1.0,8.0,5.0,2300.0,2014.0,Lenovo,21
2569000.0,8.0,8.0,48.0,6.58,5000.0,2021.0,Vivo,6
2800000.0,2.0,2.0,13.0,6.2,4030.0,2018.0,Vivo,6
2299000.0,4.0,4.0,12.0,6.52,5000.0,2019.0,Realme,8
750000.0,2.0,2.0,8.0,6.6,5000.0,2022.0,itel,9
769000.0,2.0,2.0,5.0,5.0,2100.0,2015.0,Mito,35
535000.0,3.0,3.0,8.0,6.26,2500.0,2021.0,Aldo,24
1649000.0,6.0,6.0,50.0,6.5,5000.0,2021.0,Xiaomi,3
1850000.0,6.0,6.0,13.0,6.47,5000.0,2020.0,Vivo,6
5979080.0,8.0,8.0,50.0,6.7,5200.0,2024.0,Realme,8
3139000.0,3.0,3.0,13.0,5.5,3000.0,2016.0,Vivo,6
8000000.0,6.0,6.0,12.0,6.3,3300.0,2017.0,Samsung,2
495000.0,1.0,1.0,5.0,4.0,1300.0,2016.0,Advan,22
949000.0,3.0,3.0,8.0,6.5,5000.0,2022.0,Realme,8
1510000.0,2.0,2.0,12.0,4.0,1626.0,2016.0,Apple,5
1999000.0,6.0,6.0,108.0,6.4,5000.0,2022.0,Realme,8
2650000.0,8.0,8.0,64.0,6.43,4500.0,2022.0,OPPO,0
2799000.0,6.0,6.0,64.0,6.95,5200.0,2020.0,Infinix,1
1000000.0,2.0,2.0,13.0,6.5,5000.0,2021.0,Samsung,2
17179000.0,12.0,12.0,50.0,6.78,5800.0,2024.0,ASUS,13
2700000.0,4.0,4.0,50.0,6.51,5000.0,2021.0,OPPO,0
1350000.0,4.0,4.0,64.0,6.43,5000.0,2022.0,POCO,4
999000.0,3.0,3.0,13.0,6.6,4000.0,2021.0,itel,9
1289000.0,2.0,2.0,13.0,6.22,4230.0,2020.0,OPPO,0
1351403.0,4.0,4.0,13.0,6.52,5000.0,2020.0,Tecno,7
2099000.0,1.0,1.0,8.0,5.5,2500.0,2014.0,Sony,15
2425000.0,3.0,3.0,12.0,5.84,4000.0,2018.0,Xiaomi,3
9500000.0,8.0,8.0,12.0,5.7,4000.0,2017.0,Razer,40
13375000.0,6.0,6.0,12.0,6.7,4323.0,2022.0,Apple,5
7200000.0,8.0,8.0,50.0,5.92,4300.0,2023.0,ASUS,13
4089490.0,8.0,8.0,50.0,6.4,4500.0,2022.0,Realme,8
14899000.0,16.0,16.0,50.0,5.9,4300.0,2022.0,ASUS,13
9500000.0,8.0,8.0,12.0,6.7,4500.0,2020.0,Samsung,2
6756050.0,12.0,12.0,12.0,6.7,4500.0,2020.0,Samsung,2
7000000.0,8.0,8.0,64.0,6.67,4700.0,2020.0,POCO,4
1349000.0,3.0,3.0,13.0,6.5,5000.0,2020.0,Realme,8
800000.0,2.0,2.0,5.0,5.2,2450.0,2019.0,Advan,22
1599000.0,2.0,2.0,13.0,5.0,2750.0,2016.0,Lenovo,21
1970000.0,2.0,2.0,12.0,5.5,2900.0,2016.0,Apple,5
1599000.0,3.0,3.0,13.0,5.2,3000.0,2017.0,Nokia,18
7799000.0,6.0,6.0,12.0,6.2,3500.0,2018.0,Samsung,2
2280000.0,4.0,4.0,13.0,6.0,3300.0,2018.0,Samsung,2
2349000.0,3.0,3.0,12.0,6.26,4000.0,2019.0,Xiaomi,3
478000.0,6.0,6.0,48.0,6.3,5150.0,2018.0,UMIDIGI,41
2089000.0,4.0,4.0,13.0,6.35,5000.0,2019.0,Vivo,6
3799000.0,4.0,4.0,48.0,6.53,3765.0,2019.0,Realme,8
1200000.0,2.0,2.0,8.0,5.45,2600.0,2019.0,Evercoss,19
3000000.0,4.0,4.0,16.0,6.3,3315.0,2018.0,Vivo,6
6699000.0,8.0,8.0,12.0,6.7,4500.0,2020.0,Samsung,2
4399000.0,12.0,12.0,64.0,6.6,4200.0,2020.0,Realme,8
12000000.0,12.0,12.0,108.0,6.9,4500.0,2020.0,Samsung,2
5990000.0,6.0,6.0,12.0,6.7,4300.0,2020.0,Samsung,2
800000.0,2.0,2.0,13.0,6.2,4030.0,2020.0,Vivo,6
1384000.0,3.0,3.0,48.0,6.5,5000.0,2021.0,Samsung,2
3999000.0,8.0,8.0,64.0,6.43,4300.0,2021.0,Realme,8
8162000.0,8.0,8.0,64.0,6.7,6000.0,2021.0,ASUS,13
2799900.0,8.0,8.0,13.0,6.51,5000.0,2022.0,Vivo,6
2500000.0,4.0,4.0,13.0,6.82,6000.0,2022.0,Infinix,1
1675000.0,8.0,8.0,50.0,6.7,5000.0,2022.0,Infinix,1
1220000.0,4.0,4.0,13.0,6.51,5000.0,2022.0,Vivo,6
1505000.0,6.0,6.0,50.0,6.64,5000.0,2023.0,Vivo,6
2255000.0,8.0,8.0,50.0,6.78,5000.0,2023.0,Infinix,1
12000000.0,6.0,6.0,12.0,6.3,3300.0,2017.0,Samsung,2
2725000.0,1.0,1.0,8.0,4.8,2300.0,2013.0,Sony,15
3900000.0,6.0,6.0,64.0,6.4,6000.0,2020.0,Samsung,2
3700000.0,4.0,4.0,16.0,5.99,3225.0,2017.0,Vivo,6
10000000.0,8.0,8.0,12.0,6.7,3300.0,2020.0,Samsung,2
1290000.0,1.0,1.0,8.0,5.0,2200.0,2015.0,Smartfren,32
1629000.0,4.0,4.0,50.0,6.6,5000.0,2022.0,Realme,8
1000000.0,3.0,3.0,13.0,6.53,5000.0,2022.0,Xiaomi,3
4500000.0,1.0,1.0,8.0,5.5,2915.0,2014.0,Apple,5
1599000.0,4.0,4.0,48.0,6.5,5000.0,2021.0,Xiaomi,3
1750000.0,3.0,3.0,25.0,6.4,4000.0,2019.0,Samsung,2
2189000.0,4.0,4.0,13.0,6.26,4000.0,2019.0,Huawei,10
5499000.0,4.0,4.0,16.0,5.5,3510.0,2016.0,Motorola,27
3100000.0,8.0,8.0,48.0,6.5,5000.0,2021.0,Samsung,2
1795000.0,4.0,4.0,50.0,6.6,6000.0,2023.0,Samsung,2
1190000.0,1.0,1.0,8.0,5.0,2200.0,2018.0,Huawei,10
1365000.0,2.0,2.0,13.0,5.5,3000.0,2018.0,ASUS,13
11499000.0,8.0,8.0,50.0,6.6,4360.0,2021.0,Huawei,10
4998500.0,8.0,8.0,64.0,6.55,4250.0,2021.0,Xiaomi,3
12499000.0,12.0,12.0,50.0,6.67,5800.0,2024.0,Vivo,6
6700000.0,8.0,8.0,64.0,6.44,4500.0,2022.0,Vivo,6
10999000.0,8.0,8.0,12.0,6.7,3700.0,2023.0,Samsung,2
1050000.0,3.0,3.0,8.0,6.6,5000.0,2024.0,itel,9
840000.0,1.0,1.0,8.0,5.0,2500.0,2018.0,Advan,22
4150000.0,3.0,3.0,12.0,5.5,2900.0,2017.0,Apple,5
1178000.0,4.0,4.0,13.0,6.56,5000.0,2024.0,Vivo,6
2699000.0,4.0,4.0,16.0,6.23,3400.0,2018.0,OPPO,0
2299900.0,4.0,4.0,16.0,6.3,3315.0,2018.0,Vivo,6
10500000.0,12.0,12.0,50.0,6.36,4610.0,2023.0,Xiaomi,3
1425000.0,8.0,8.0,50.0,6.8,5000.0,2023.0,Tecno,7
1125000.0,3.0,3.0,13.0,6.35,5000.0,2020.0,Vivo,6
1799000.0,8.0,8.0,50.0,6.58,5000.0,2022.0,Vivo,6
2735000.0,8.0,8.0,64.0,6.44,4000.0,2021.0,Vivo,6
9999000.0,12.0,12.0,3.0,6.5,5000.0,2024.0,Sharp,34
1595000.0,4.0,4.0,48.0,6.5,5000.0,2021.0,Nokia,18
2349000.0,6.0,6.0,50.0,6.6,5000.0,2022.0,Samsung,2
3099000.0,8.0,8.0,64.0,6.44,4000.0,2021.0,Vivo,6
2150000.0,4.0,4.0,12.0,5.7,3100.0,2018.0,Meizu,37
1950000.0,4.0,4.0,13.0,6.8,6000.0,2021.0,Infinix,1
23499000.0,12.0,12.0,50.0,6.7,4950.0,2023.0,Google,31
7589000.0,8.0,8.0,50.0,6.1,3700.0,2022.0,Samsung,2
1484000.0,4.0,4.0,50.0,6.6,5000.0,2021.0,Realme,8
4200000.0,8.0,8.0,108.0,6.55,4300.0,2022.0,Xiaomi,3
1899000.0,4.0,4.0,48.0,6.95,5000.0,2021.0,Infinix,1
6999000.0,12.0,12.0,50.0,6.78,5000.0,2024.0,Vivo,6
3499900.0,8.0,8.0,48.0,6.38,4500.0,2019.0,Vivo,6
1950000.0,8.0,8.0,48.0,6.78,5000.0,2021.0,Infinix,1
1890000.0,2.0,2.0,8.0,5.0,2880.0,2013.0,BlackBerry,39
3400000.0,1.0,1.0,8.0,5.5,2915.0,2014.0,Apple,5
419000.0,1.0,1.0,8.0,4.7,2200.0,2014.0,Xiaomi,3
749000.0,2.0,2.0,8.0,4.7,2200.0,2015.0,Xiaomi,3
1400000.0,1.0,1.0,5.0,4.3,1500.0,2015.0,Samsung,2
1429000.0,3.0,3.0,12.0,5.5,4000.0,2017.0,Huawei,10
1149000.0,2.0,2.0,5.0,5.0,2200.0,2017.0,Advan,22
1700000.0,3.0,3.0,13.0,5.65,3000.0,2017.0,Honor,25
3079999.0,4.0,4.0,20.0,6.5,3750.0,2018.0,Honor,25
13698999.0,12.0,12.0,48.0,6.7,4260.0,2020.0,OPPO,0
2600000.0,4.0,4.0,48.0,6.4,5000.0,2020.0,Samsung,2
17999900.0,8.0,8.0,50.0,6.58,4200.0,2020.0,Huawei,10
5299000.0,6.0,6.0,64.0,6.67,4700.0,2020.0,POCO,4
1350000.0,3.0,3.0,13.0,6.5,5000.0,2021.0,itel,9
1699000.0,6.0,6.0,48.0,6.82,5000.0,2021.0,Advan,22
2450000.0,8.0,8.0,64.0,6.58,5000.0,2021.0,Vivo,6
1499000.0,2.0,2.0,13.0,6.52,4230.0,2020.0,OPPO,0
4599000.0,8.0,8.0,12.0,6.5,4500.0,2020.0,Samsung,2
2987000.0,8.0,8.0,108.0,6.67,4500.0,2021.0,Infinix,1
4184000.0,8.0,8.0,64.0,6.7,5000.0,2021.0,Samsung,2
6999000.0,8.0,8.0,50.0,6.57,4300.0,2021.0,Huawei,10
1275000.0,4.0,4.0,13.0,6.52,4230.0,2022.0,OPPO,0
14730000.0,18.0,18.0,64.0,6.8,5000.0,2022.0,ZTE,14
15512050.0,12.0,12.0,50.0,7.6,4400.0,2022.0,Samsung,2
7590000.0,8.0,8.0,12.0,6.7,3700.0,2022.0,Samsung,2
2949000.0,8.0,8.0,64.0,6.44,4500.0,2022.0,Vivo,6
949000.0,4.0,4.0,13.0,6.75,5050.0,2022.0,Nokia,18
8999000.0,8.0,8.0,50.0,6.8,4300.0,2022.0,OPPO,0
3200000.0,1.0,1.0,8.0,5.3,2500.0,2014.0,Sony,15
4149000.0,8.0,8.0,50.0,6.67,5000.0,2023.0,Tecno,7
20811000.0,12.0,12.0,50.0,7.6,4400.0,2023.0,Samsung,2
10999000.0,12.0,12.0,47.0,6.6,5000.0,2023.0,Sharp,34
1158300.0,4.0,4.0,13.0,6.56,5000.0,2024.0,Vivo,6
4789000.0,8.0,8.0,108.0,6.67,5000.0,2020.0,Xiaomi,3
4799000.0,6.0,6.0,64.0,6.7,7000.0,2020.0,Samsung,2
13999000.0,4.0,4.0,12.0,5.8,3000.0,2018.0,Samsung,2
1150000.0,1.0,1.0,8.0,5.0,3000.0,2019.0,Xiaomi,3
3049000.0,8.0,8.0,64.0,6.43,4500.0,2022.0,OPPO,0
2999000.0,4.0,4.0,16.0,5.5,3050.0,2016.0,Motorola,27
1299000.0,4.0,4.0,50.0,6.58,5000.0,2022.0,Infinix,1
2649000.0,8.0,8.0,64.0,6.44,4500.0,2022.0,Vivo,6
2499000.0,8.0,8.0,50.0,6.64,6000.0,2023.0,iQOO,11
1010000.0,2.0,2.0,13.0,5.5,3000.0,2018.0,ASUS,13
1770000.0,3.0,3.0,16.0,5.5,3000.0,2016.0,Nokia,18
750000.0,1.0,1.0,5.0,4.5,2330.0,2014.0,Sony,15
4000000.0,8.0,8.0,48.0,6.56,4200.0,2020.0,Vivo,6
3749000.0,8.0,8.0,64.0,6.7,5000.0,2023.0,OPPO,0
2999000.0,4.0,4.0,25.0,6.4,4000.0,2019.0,Samsung,2
599900.0,1.0,1.0,8.0,4.0,1650.0,2016.0,Evercoss,19
2599000.0,2.0,2.0,13.0,6.0,4500.0,2016.0,Infinix,1
1449000.0,2.0,2.0,8.0,5.0,3000.0,2017.0,Huawei,10
4100000.0,6.0,6.0,48.0,6.4,6000.0,2020.0,Samsung,2
8000000.0,12.0,12.0,50.0,6.78,4700.0,2022.0,Vivo,6
1310000.0,2.0,2.0,13.0,6.4,5000.0,2019.0,Vivo,6
2399000.0,3.0,3.0,13.0,5.71,3000.0,2019.0,Nokia,18
21006000.0,12.0,12.0,50.0,7.6,4400.0,2024.0,Samsung,2
3849000.0,8.0,8.0,64.0,6.44,4700.0,2022.0,Vivo,6
799000.0,3.0,3.0,8.0,6.52,5000.0,2023.0,Xiaomi,3
9990000.0,12.0,12.0,12.0,7.6,4500.0,2020.0,Samsung,2
1650000.0,4.0,4.0,13.0,6.51,5000.0,2020.0,Vivo,6
2940000.0,6.0,6.0,64.0,6.55,4250.0,2021.0,Xiaomi,3
1500000.0,2.0,2.0,13.0,6.4,4000.0,2019.0,Samsung,2
18449000.0,12.0,12.0,50.0,6.78,5800.0,2024.0,ASUS,13
15176000.0,18.0,18.0,64.0,6.7,6000.0,2021.0,ASUS,13
1499000.0,2.0,2.0,8.0,6.5,5000.0,2021.0,Realme,8
1875000.0,2.0,2.0,13.0,5.0,2300.0,2014.0,BOLT,42
3250000.0,4.0,4.0,16.0,5.8,3060.0,2018.0,Nokia,18
8755000.0,12.0,12.0,64.0,6.59,6000.0,2020.0,ASUS,13
6000000.0,8.0,8.0,48.0,6.7,3700.0,2019.0,Samsung,2
16899000.0,16.0,16.0,50.0,6.3,5700.0,2024.0,Vivo,6
30700000.0,8.0,8.0,50.0,7.8,4600.0,2022.0,Huawei,10
10000000.0,8.0,8.0,108.0,6.9,4500.0,2020.0,Samsung,2
4595000.0,6.0,6.0,48.0,5.97,3070.0,2019.0,Xiaomi,3
2299000.0,2.0,2.0,13.0,5.0,2500.0,2014.0,Himax,43
1199900.0,3.0,3.0,13.0,5.7,2900.0,2017.0,Wiko,44
3079000.0,6.0,6.0,108.0,6.67,5020.0,2021.0,Xiaomi,3
25999000.0,24.0,24.0,50.0,6.78,5500.0,2024.0,ASUS,13
1250000.0,2.0,2.0,13.0,5.5,2920.0,2018.0,Luna,29
2299000.0,6.0,6.0,48.0,6.39,4000.0,2020.0,Nokia,18
1349000.0,3.0,3.0,13.0,6.52,5000.0,2020.0,Tecno,7
2799000.0,8.0,8.0,100.0,6.4,5000.0,2023.0,OPPO,0
2299000.0,4.0,4.0,13.0,6.3,4000.0,2018.0,ASUS,13
1399000.0,4.0,4.0,50.0,6.7,5000.0,2021.0,Infinix,1
2149000.0,1.0,1.0,8.0,5.5,2500.0,2014.0,Sony,15
949000.0,1.0,1.0,2.0,4.0,1500.0,2015.0,Microsoft,45
2699000.0,2.0,2.0,12.0,5.5,2750.0,2015.0,Apple,5
3849000.0,2.0,2.0,13.0,5.5,3000.0,2016.0,Huawei,10
3799000.0,4.0,4.0,13.0,5.0,3500.0,2017.0,Axioo,46
2499000.0,3.0,3.0,13.0,5.8,3060.0,2018.0,Nokia,18
1499000.0,3.0,3.0,13.0,5.5,3000.0,2018.0,ASUS,13
2049000.0,4.0,4.0,13.0,6.22,4030.0,2018.0,Vivo,6
1650000.0,4.0,4.0,13.0,5.7,3000.0,2019.0,Lenovo,21
2100000.0,4.0,4.0,12.0,5.99,4050.0,2019.0,Lenovo,21
2010000.0,3.0,3.0,13.0,5.71,3000.0,2019.0,Nokia,18
7000000.0,8.0,8.0,48.0,6.39,4000.0,2019.0,Black,30
9999000.0,12.0,12.0,48.0,6.39,4000.0,2019.0,Black,30
2999000.0,4.0,4.0,48.0,6.4,6000.0,2019.0,Samsung,2
2299000.0,4.0,4.0,64.0,6.4,4000.0,2019.0,Realme,8
8730000.0,6.0,6.0,48.0,6.7,4500.0,2020.0,Samsung,2
999000.0,2.0,2.0,8.0,5.5,2450.0,2020.0,Advan,22
6399000.0,12.0,12.0,64.0,6.44,4200.0,2020.0,Realme,8
7452550.0,8.0,8.0,64.0,6.7,4800.0,2021.0,Samsung,2
7409000.0,6.0,6.0,48.0,6.67,4500.0,2021.0,Black,30
950000.0,4.0,4.0,13.0,6.6,3000.0,2020.0,Coolmi,20
7699000.0,8.0,8.0,12.0,6.7,3300.0,2021.0,Samsung,2
8200000.0,8.0,8.0,12.0,5.9,4000.0,2021.0,ASUS,13
5226000.0,8.0,8.0,64.0,6.43,4500.0,2021.0,OnePlus,23
1000000.0,3.0,3.0,13.0,6.51,5000.0,2021.0,Vivo,6
843000.0,2.0,2.0,8.0,6.6,5000.0,2021.0,Infinix,1
6999000.0,12.0,12.0,50.0,6.28,4500.0,2022.0,Xiaomi,3
1199000.0,4.0,4.0,13.0,6.8,6000.0,2021.0,Tecno,7
1599000.0,4.0,4.0,50.0,6.58,5000.0,2022.0,Vivo,6
925000.0,3.0,3.0,13.0,6.53,5000.0,2022.0,Xiaomi,3
7999000.0,12.0,12.0,50.0,6.43,4500.0,2022.0,OPPO,0
17650000.0,16.0,16.0,108.0,6.67,4650.0,2022.0,Black,30
19500000.0,12.0,12.0,50.0,6.73,4860.0,2022.0,Xiaomi,3
999000.0,2.0,2.0,8.0,6.5,5000.0,2022.0,Realme,8
2899000.0,8.0,8.0,64.0,6.43,4500.0,2022.0,OPPO,0
1309000.0,4.0,4.0,16.0,6.82,7000.0,2022.0,Tecno,7
1599000.0,4.0,4.0,50.0,6.6,5000.0,2022.0,Sharp,34
15199000.0,16.0,16.0,50.0,6.7,5000.0,2023.0,OnePlus,23
12499000.0,8.0,8.0,64.0,6.8,5000.0,2023.0,ZTE,14
19330000.0,16.0,16.0,50.0,6.78,6000.0,2023.0,ASUS,13
16666250.0,16.0,16.0,48.0,7.82,4805.0,2023.0,OPPO,0
18599000.0,6.0,6.0,48.0,6.7,4912.0,2023.0,Apple,5
1099000.0,8.0,8.0,50.0,6.6,4500.0,2023.0,ZTE,14
6800000.0,12.0,12.0,50.0,6.7,4700.0,2024.0,OPPO,0
1296000.0,6.0,6.0,50.0,6.6,5000.0,2024.0,ZTE,14
17999000.0,12.0,12.0,3.0,6.7,5000.0,2025.0,Sharp,34
7500000.0,4.0,4.0,16.0,6.28,3700.0,2018.0,Samsung,2
1320000.0,3.0,3.0,13.0,6.2,4000.0,2019.0,Luna,29
2574000.0,3.0,3.0,13.0,5.2,4000.0,2017.0,Sharp,34
858500.0,1.0,1.0,8.0,5.0,2540.0,2013.0,LG,26
7770000.0,8.0,8.0,64.0,6.7,4800.0,2021.0,Samsung,2
21119904.0,6.0,6.0,48.0,6.7,4912.0,2023.0,Apple,5
10499000.0,16.0,16.0,50.0,6.78,5000.0,2023.0,iQOO,11
2499000.0,2.0,2.0,12.0,5.5,2750.0,2015.0,Apple,5
1900000.0,4.0,4.0,13.0,6.57,5000.0,2020.0,Vivo,6
719100.0,1.0,1.0,5.0,5.0,2350.0,2017.0,Motorola,27
1999000.0,8.0,8.0,50.0,6.7,5000.0,2022.0,Infinix,1
947000.0,2.0,2.0,8.0,6.52,5000.0,2023.0,Xiaomi,3
2899000.0,8.0,8.0,48.0,6.78,5000.0,2022.0,Infinix,1
1495000.0,8.0,8.0,16.0,6.6,5000.0,2023.0,Tecno,7
7035000.0,8.0,8.0,48.0,6.67,4500.0,2021.0,Black,30
15799000.0,16.0,16.0,50.0,6.78,5500.0,2024.0,ASUS,13
9399000.0,8.0,8.0,50.0,6.67,4400.0,2020.0,Huawei,10
1899000.0,3.0,3.0,12.0,5.15,2860.0,2017.0,Xiaomi,3
12228550.0,12.0,12.0,12.0,7.6,4400.0,2021.0,Samsung,2
2109000.0,8.0,8.0,50.0,6.6,5000.0,2022.0,Infinix,1
840000.0,4.0,4.0,13.0,6.22,4000.0,2020.0,Alcatel,47
1600000.0,6.0,6.0,48.0,6.6,5000.0,2021.0,Tecno,7
2849000.0,8.0,8.0,50.0,6.58,5000.0,2022.0,Vivo,6
1049000.0,1.0,1.0,8.0,5.0,2000.0,2015.0,Acer,48
13895000.0,12.0,12.0,50.0,6.7,4000.0,2024.0,Samsung,2
1595000.0,1.0,1.0,5.0,4.5,2000.0,2015.0,OPPO,0
799000.0,1.0,1.0,5.0,5.45,2500.0,2019.0,Nokia,18
1449000.0,5.0,5.0,8.0,5.0,2600.0,2018.0,Samsung,2
1750000.0,1.0,1.0,5.0,5.0,2000.0,2013.0,Lenovo,21
1849000.0,4.0,4.0,48.0,6.6,5000.0,2020.0,Infinix,1
1445000.0,2.0,2.0,15.0,6.2,4230.0,2018.0,Realme,8
2000000.0,4.0,4.0,13.0,5.5,3000.0,2015.0,ASUS,13
1250000.0,1.0,1.0,8.0,4.8,2300.0,2013.0,Sony,15
1507500.0,3.0,3.0,13.0,6.08,4100.0,2020.0,Luna,29
10925000.0,12.0,12.0,50.0,6.78,5000.0,2024.0,Vivo,6
27850000.0,8.0,8.0,50.0,7.8,4600.0,2022.0,Huawei,10
2390000.0,6.0,6.0,64.0,6.4,5000.0,2021.0,Samsung,2
419000.0,2.0,2.0,13.0,5.0,4100.0,2016.0,Xiaomi,3
2699000.0,3.0,3.0,13.0,5.5,3020.0,2016.0,Lava,17
749000.0,2.0,2.0,8.0,5.5,2450.0,2019.0,Evercoss,19
25899000.0,16.0,16.0,48.0,6.82,5000.0,2023.0,Huawei,10
650000.0,3.0,3.0,8.0,6.53,3000.0,2020.0,MAXTRON,16
14500000.0,12.0,12.0,48.0,6.59,6000.0,2019.0,ASUS,13
999000.0,3.0,3.0,8.0,6.52,5000.0,2022.0,Xiaomi,3
8999000.0,12.0,12.0,48.0,6.7,4200.0,2020.0,OPPO,0
3499000.0,4.0,4.0,50.0,6.5,5000.0,2023.0,Motorola,27
12229000.0,12.0,12.0,50.0,6.7,4900.0,2024.0,Samsung,2
23749000.0,12.0,12.0,50.0,7.6,4400.0,2022.0,Samsung,2
3100000.0,4.0,4.0,16.0,5.2,2600.0,2016.0,Samsung,2
8500000.0,8.0,8.0,12.0,6.7,3700.0,2022.0,Samsung,2
20000000.0,12.0,12.0,50.0,7.6,4400.0,2023.0,Samsung,2
900000.0,1.0,1.0,8.0,4.5,2070.0,2015.0,ASUS,13
14000000.0,12.0,12.0,50.0,6.7,5000.0,2023.0,OnePlus,23
1600000.0,2.0,2.0,8.0,5.3,4000.0,2014.0,Lenovo,21
899000.0,1.0,1.0,8.0,4.5,1800.0,2014.0,Evercoss,19
1145000.0,1.0,1.0,5.0,4.5,2000.0,2015.0,Lenovo,21
4175000.0,3.0,3.0,20.0,5.2,3000.0,2015.0,Microsoft,45
2998700.0,2.0,2.0,13.0,5.5,1000.0,2015.0,OUKITEL,49
2760000.0,5.0,5.0,13.0,5.0,2600.0,2015.0,Samsung,2
1699000.0,2.0,2.0,13.0,5.0,6200.0,2015.0,Evercoss,19
1200000.0,1.0,1.0,8.0,4.5,2070.0,2015.0,ASUS,13
989000.0,1.0,1.0,5.0,4.5,2000.0,2015.0,Himax,43
1599900.0,3.0,3.0,13.0,5.5,4100.0,2017.0,Xiaomi,3
1965000.0,2.0,2.0,13.0,5.0,2700.0,2017.0,Lava,17
1350000.0,1.0,1.0,8.0,5.0,4100.0,2017.0,Nokia,18
4200000.0,4.0,4.0,16.0,5.5,3000.0,2018.0,Nokia,18
3299000.0,6.0,6.0,16.0,5.8,3060.0,2018.0,Nokia,18
2157100.0,2.0,2.0,13.0,5.5,3000.0,2018.0,Samsung,2
3600000.0,4.0,4.0,16.0,5.7,6850.0,2019.0,Blackview,50
625000.0,1.0,1.0,8.0,5.0,2450.0,2019.0,Evercoss,19
10000000.0,8.0,8.0,40.0,6.47,4200.0,2019.0,Huawei,10
2050000.0,6.0,6.0,13.0,6.2,4000.0,2019.0,Infinix,1
7100000.0,8.0,8.0,48.0,6.7,4500.0,2020.0,Samsung,2
3800000.0,6.0,6.0,64.0,6.7,4500.0,2020.0,Samsung,2
6150000.0,12.0,12.0,64.0,6.67,4720.0,2020.0,Black,30
2869000.0,12.0,12.0,48.0,6.5,3750.0,2020.0,Sharp,34
10800000.0,12.0,12.0,48.0,6.5,4300.0,2020.0,OnePlus,23
1670000.0,4.0,4.0,13.0,6.0,4010.0,2017.0,Luna,29
1420000.0,4.0,4.0,13.0,5.7,3000.0,2018.0,Genpro,51
7950050.0,12.0,12.0,108.0,6.9,4500.0,2020.0,Samsung,2
5100000.0,6.0,6.0,64.0,6.5,6000.0,2020.0,Samsung,2
1684000.0,4.0,4.0,16.0,6.6,5000.0,2020.0,Tecno,7
1099000.0,2.0,2.0,13.0,6.52,4000.0,2019.0,Wiko,44
1300000.0,4.0,4.0,13.0,6.51,5000.0,2021.0,OPPO,0
9246000.0,12.0,12.0,64.0,6.67,4500.0,2021.0,Black,30
550000.0,2.0,2.0,5.0,5.5,3000.0,2021.0,MAXTRON,16
9999000.0,12.0,12.0,50.0,6.7,4500.0,2021.0,OPPO,0
6749000.0,12.0,12.0,48.0,6.56,4200.0,2021.0,Vivo,6
2899000.0,8.0,8.0,64.0,6.44,4000.0,2021.0,Vivo,6
2300000.0,4.0,4.0,48.0,6.5,6000.0,2021.0,Realme,8
6499000.0,12.0,12.0,50.0,6.55,4500.0,2021.0,OPPO,0
1449000.0,2.0,2.0,16.0,6.55,5000.0,2021.0,Tecno,7
2514000.0,6.0,6.0,13.0,5.86,8000.0,2021.0,Luna,29
9999950.0,8.0,8.0,50.0,6.28,4500.0,2022.0,Xiaomi,3
22500000.0,12.0,12.0,50.0,6.81,4600.0,2022.0,Honor,25
6749000.0,12.0,12.0,50.0,6.7,4500.0,2022.0,Realme,8
3085000.0,4.0,4.0,20.0,6.5,15600.0,2022.0,OUKITEL,49
1699000.0,4.0,4.0,13.0,6.6,5000.0,2022.0,Tecno,7
4250000.0,12.0,12.0,64.0,6.56,4830.0,2022.0,Vivo,6
18609000.0,6.0,6.0,12.0,6.1,3279.0,2022.0,Apple,5
1649000.0,8.0,8.0,50.0,6.7,5000.0,2022.0,Infinix,1
3799000.0,8.0,8.0,50.0,6.78,5000.0,2022.0,Infinix,1
12390000.0,8.0,8.0,50.0,6.6,4700.0,2023.0,Samsung,2
2749900.0,8.0,8.0,108.0,6.7,4800.0,2023.0,OPPO,0
3450000.0,8.0,8.0,64.0,6.64,5000.0,2023.0,iQOO,11
1299000.0,3.0,3.0,13.0,6.75,6000.0,2022.0,ZTE,14
2080000.0,4.0,4.0,50.0,6.78,5000.0,2023.0,itel,9
880000.0,3.0,3.0,13.0,6.52,5000.0,2023.0,Sharp,34
1399000.0,6.0,6.0,50.0,6.74,5010.0,2023.0,Sharp,34
3289000.0,8.0,8.0,50.0,6.1,5000.0,2024.0,Sharp,34
9699000.0,12.0,12.0,50.0,6.78,5500.0,2024.0,ASUS,13
950000.0,3.0,3.0,13.0,6.6,5000.0,2023.0,itel,9
952000.0,4.0,4.0,13.0,6.75,5000.0,2024.0,ZTE,14
990000.0,3.0,3.0,13.0,6.7,5000.0,2024.0,Infinix,1
14600000.0,16.0,16.0,50.0,6.78,4700.0,2022.0,Vivo,6
2099000.0,2.0,2.0,8.0,5.0,4000.0,2015.0,Lenovo,21
800000.0,2.0,2.0,8.0,5.5,2100.0,2019.0,Evercoss,19
21581000.0,12.0,12.0,50.0,7.6,4400.0,2023.0,Samsung,2
3079000.0,6.0,6.0,48.0,6.6,5000.0,2022.0,Realme,8
3300000.0,8.0,8.0,64.0,6.62,4600.0,2023.0,Vivo,6
2850000.0,3.0,3.0,13.0,5.5,5000.0,2015.0,Lenovo,21
1549000.0,2.0,2.0,8.0,5.0,2000.0,2016.0,Himax,43
8040000.0,12.0,12.0,50.0,6.55,4500.0,2021.0,OnePlus,23
13999000.0,16.0,16.0,50.0,6.8,6000.0,2023.0,ZTE,14
1649000.0,3.0,3.0,13.0,5.7,3000.0,2018.0,Lava,17
2499000.0,4.0,4.0,13.0,5.9,3090.0,2019.0,Sharp,34
2599000.0,2.0,2.0,13.0,5.0,2200.0,2015.0,Huawei,10
13769000.0,12.0,12.0,50.0,6.55,4500.0,2022.0,NOTHING,52
5250000.0,12.0,12.0,64.0,6.5,4000.0,2019.0,Realme,8
3299000.0,6.0,6.0,48.0,6.39,3700.0,2019.0,Vivo,6
6000000.0,8.0,8.0,40.0,6.47,4200.0,2019.0,Huawei,10
5000000.0,6.0,6.0,12.0,5.15,3350.0,2017.0,Xiaomi,3
10500000.0,6.0,6.0,12.0,6.53,4000.0,2018.0,Huawei,10
3000000.0,4.0,4.0,16.0,5.93,3340.0,2017.0,Honor,25
4079900.0,8.0,8.0,64.0,6.43,4300.0,2021.0,OPPO,0
602000.0,1.0,1.0,5.0,5.0,2100.0,2016.0,Evercoss,19
5899000.0,8.0,8.0,108.0,6.67,5000.0,2020.0,Xiaomi,3
2599000.0,6.0,6.0,12.0,6.41,3400.0,2018.0,Vivo,6
3294000.0,12.0,12.0,64.0,6.44,4500.0,2022.0,Vivo,6
6999000.0,8.0,8.0,64.0,6.2,4000.0,2021.0,Samsung,2
1775000.0,2.0,2.0,13.0,5.5,4100.0,2016.0,Meizu,37
5999000.0,8.0,8.0,64.0,6.6,5080.0,2022.0,Xiaomi,3
5999000.0,12.0,12.0,50.0,6.62,4500.0,2022.0,OPPO,0
1139000.0,2.0,2.0,8.0,6.1,5000.0,2020.0,Infinix,1
8589900.0,8.0,8.0,50.0,6.1,3800.0,2020.0,Huawei,10
895000.0,2.0,2.0,8.0,6.52,5000.0,2022.0,Xiaomi,3
2950000.0,6.0,6.0,12.0,5.48,3000.0,2018.0,Xiaomi,3
2199000.0,6.0,6.0,64.0,6.96,5000.0,2021.0,Infinix,1
1399000.0,3.0,3.0,13.0,5.0,2500.0,2017.0,Wiko,44
5099000.0,8.0,8.0,64.0,6.5,4500.0,2021.0,Samsung,2
7999000.0,12.0,12.0,50.0,6.74,4700.0,2023.0,OPPO,0
1999000.0,4.0,4.0,50.0,6.6,6000.0,2023.0,Samsung,2
3990000.0,8.0,8.0,48.0,6.6,5000.0,2020.0,Samsung,2
2000000.0,3.0,3.0,13.0,5.5,3000.0,2017.0,Infinix,1
3399000.0,12.0,12.0,64.0,6.44,4050.0,2022.0,Vivo,6
1285000.0,3.0,3.0,13.0,5.7,3000.0,2019.0,Lenovo,21
1165000.0,2.0,2.0,13.0,5.45,4000.0,2019.0,Xiaomi,3
2300000.0,3.0,3.0,13.0,6.0,3000.0,2015.0,ASUS,13
1028000.0,4.0,4.0,16.0,6.6,5000.0,2023.0,Tecno,7
1370000.0,2.0,2.0,13.0,5.45,3200.0,2019.0,Advan,22
1200000.0,1.0,1.0,5.0,5.0,2600.0,2019.0,Samsung,2
18299000.0,16.0,16.0,50.0,6.3,5700.0,2024.0,Vivo,6
11000000.0,12.0,12.0,12.0,6.7,4500.0,2020.0,Samsung,2
24979000.0,12.0,12.0,50.0,7.93,5110.0,2025.0,Huawei,10
10374000.0,8.0,8.0,50.0,6.78,6000.0,2023.0,ASUS,13
7452550.0,12.0,12.0,16.0,6.8,4300.0,2019.0,Samsung,2
15250000.0,12.0,12.0,50.0,6.7,4900.0,2025.0,Samsung,2
1630000.0,1.0,1.0,13.0,5.0,2000.0,2013.0,Lenovo,21
1860000.0,2.0,2.0,13.0,5.5,3500.0,2015.0,Alcatel,47
799000.0,1.0,1.0,5.0,4.5,1800.0,2015.0,Evercoss,19
1834000.0,2.0,2.0,13.0,5.0,4100.0,2016.0,Xiaomi,3
2199000.0,2.0,2.0,13.0,5.0,2500.0,2015.0,Lava,17
755000.0,1.0,1.0,5.0,4.0,1500.0,2016.0,Advan,22
3650000.0,4.0,4.0,16.0,5.2,2600.0,2016.0,Samsung,2
1500000.0,3.0,3.0,13.0,5.3,2800.0,2016.0,LG,26
867000.0,1.0,1.0,5.0,5.0,2350.0,2017.0,Motorola,27
1899000.0,3.0,3.0,13.0,5.5,3000.0,2017.0,Himax,43
2200000.0,3.0,3.0,13.0,5.5,3000.0,2017.0,LG,26
1349000.0,1.0,1.0,8.0,5.0,2210.0,2017.0,Himax,43
759000.0,2.0,2.0,13.0,5.0,2350.0,2018.0,Evercoss,19
4500000.0,6.0,6.0,12.0,6.18,4000.0,2018.0,Xiaomi,3
1579000.0,2.0,2.0,13.0,5.5,3000.0,2018.0,Samsung,2
1529000.0,2.0,2.0,13.0,6.22,3500.0,2018.0,Vivo,6
649000.0,1.0,1.0,2.0,5.0,2000.0,2018.0,Mito,35
729000.0,2.0,2.0,5.0,5.0,2000.0,2017.0,SPC,33
600000.0,1.0,1.0,5.0,5.0,2600.0,2019.0,MAXTRON,16
2969900.0,6.0,6.0,24.0,6.15,3340.0,2019.0,Huawei,10
7850000.0,12.0,12.0,48.0,6.39,4000.0,2019.0,Black,30
648000.0,2.0,2.0,5.0,6.0,2800.0,2019.0,MAXTRON,16
1400000.0,4.0,4.0,12.0,6.3,3000.0,2019.0,Advan,22
5700000.0,8.0,8.0,40.0,6.53,4500.0,2019.0,Huawei,10
752000.0,1.0,1.0,8.0,5.5,3000.0,2015.0,Evercoss,19
1780000.0,6.0,6.0,13.0,6.55,4000.0,2020.0,Nokia,18
8000000.0,8.0,8.0,50.0,6.58,4200.0,2020.0,Huawei,10
1050000.0,1.0,1.0,5.0,6.0,3200.0,2019.0,Prince,53
4999000.0,8.0,8.0,64.0,6.53,4000.0,2020.0,Huawei,10
800000.0,4.0,4.0,8.0,6.0,3000.0,2020.0,MAXTRON,16
775000.0,2.0,2.0,8.0,5.99,3040.0,2020.0,Nokia,18
999000.0,4.0,4.0,8.0,5.7,3200.0,2020.0,HuangMi,54
890500.0,1.0,1.0,8.0,5.99,3000.0,2020.0,Wiko,44
629000.0,3.0,3.0,8.0,5.7,3200.0,2020.0,Evercoss,19
32323000.0,12.0,12.0,12.0,7.6,4500.0,2020.0,Samsung,2
8069000.0,12.0,12.0,48.0,6.67,4500.0,2021.0,Black,30
16600000.0,12.0,12.0,48.0,6.67,4500.0,2021.0,Black,30
1199000.0,3.0,3.0,13.0,6.22,4000.0,2020.0,Alcatel,47
2800000.0,6.0,6.0,48.0,6.5,5000.0,2021.0,OPPO,0
1445000.0,4.0,4.0,48.0,6.5,6000.0,2021.0,Realme,8
9999000.0,12.0,12.0,64.0,6.43,4300.0,2021.0,OPPO,0
1099000.0,3.0,3.0,13.0,6.5,5000.0,2021.0,Samsung,2
9499000.0,12.0,12.0,64.0,6.7,6000.0,2021.0,ASUS,13
12563000.0,16.0,16.0,64.0,6.7,6000.0,2021.0,ASUS,13
1560000.0,4.0,4.0,48.0,6.82,5000.0,2021.0,Infinix,1
1210000.0,4.0,4.0,50.0,6.5,5000.0,2021.0,Realme,8
1849000.0,6.0,6.0,50.0,6.7,5000.0,2021.0,Infinix,1
1399000.0,4.0,4.0,50.0,6.6,5000.0,2022.0,Realme,8
11900000.0,8.0,8.0,50.0,6.6,4500.0,2022.0,Samsung,2
4200000.0,4.0,4.0,50.0,6.6,5000.0,2022.0,Samsung,2
906000.0,2.0,2.0,8.0,6.52,5000.0,2021.0,Tecno,7
9950000.0,12.0,12.0,50.0,6.7,5000.0,2022.0,OPPO,0
8999000.0,8.0,8.0,48.0,6.39,4000.0,2019.0,Black,30
5300000.0,6.0,6.0,12.0,6.5,4500.0,2022.0,Samsung,2
9499000.0,12.0,12.0,50.0,6.7,5000.0,2022.0,OPPO,0
35450000.0,12.0,12.0,50.0,7.8,4600.0,2022.0,Huawei,10
8399000.0,8.0,8.0,50.0,6.55,4500.0,2022.0,NOTHING,52
902000.0,2.0,2.0,8.0,6.6,5000.0,2022.0,Infinix,1
1171000.0,2.0,2.0,8.0,6.82,5000.0,2022.0,Infinix,1
4199000.0,12.0,12.0,108.0,6.7,5000.0,2022.0,Realme,8
3799000.0,8.0,8.0,108.0,6.7,5000.0,2022.0,Infinix,1
2764000.0,8.0,8.0,50.0,6.64,6000.0,2023.0,iQOO,11
11170000.0,12.0,12.0,50.0,6.78,5100.0,2023.0,ZTE,14
1075000.0,4.0,4.0,8.0,6.6,5000.0,2023.0,itel,9
1999000.0,6.0,6.0,50.0,6.67,4500.0,2022.0,ZTE,14
1249000.0,4.0,4.0,13.0,6.51,5000.0,2022.0,Vivo,6
4378000.0,6.0,6.0,50.0,6.6,4050.0,2024.0,Samsung,2
4999000.0,12.0,12.0,50.0,6.7,5200.0,2024.0,Realme,8
15999000.0,16.0,16.0,50.0,6.67,5800.0,2024.0,Vivo,6
17879000.0,16.0,16.0,50.0,6.8,5200.0,2024.0,Huawei,10
24999000.0,12.0,12.0,50.0,7.92,5150.0,2025.0,Honor,25
970000.0,2.0,2.0,13.0,5.7,3300.0,2018.0,Meizu,37
1260000.0,4.0,4.0,13.0,5.99,3500.0,2019.0,Gome,55
3057000.0,5.0,5.0,13.0,5.5,2600.0,2014.0,HTC,56
3629000.0,8.0,8.0,108.0,6.7,5000.0,2022.0,Realme,8
1999000.0,3.0,3.0,13.0,5.5,4000.0,2016.0,Meizu,37
6199000.0,8.0,8.0,50.0,6.1,5000.0,2025.0,Sharp,34
5300000.0,4.0,4.0,16.0,5.84,3400.0,2018.0,Honor,25
1675000.0,1.0,1.0,13.0,5.5,3200.0,2014.0,Alcatel,47
564000.0,1.0,1.0,5.0,5.45,4000.0,2022.0,itel,9
1625000.0,2.0,2.0,13.0,5.0,2000.0,2016.0,Huawei,10
1875000.0,4.0,4.0,48.0,6.6,5000.0,2020.0,Infinix,1
3168000.0,4.0,4.0,16.0,5.3,3000.0,2021.0,Samsung,2
6955000.0,3.0,3.0,12.0,4.7,1821.0,2020.0,Apple,5
570000.0,1.0,1.0,8.0,5.0,2500.0,2017.0,i-Cherry,57
4599000.0,8.0,8.0,108.0,6.67,5000.0,2021.0,Xiaomi,3
9846720.0,8.0,8.0,50.0,6.6,4500.0,2022.0,Samsung,2
8999000.0,16.0,16.0,50.0,6.78,5000.0,2022.0,iQOO,11
750000.0,4.0,4.0,8.0,6.26,3200.0,2020.0,MAXTRON,16
8899000.0,6.0,6.0,48.0,6.39,4000.0,2019.0,Black,30
14157000.0,12.0,12.0,50.0,6.74,5000.0,2023.0,Realme,8
799900.0,1.0,1.0,8.0,5.7,3200.0,2018.0,Evercoss,19
1299000.0,3.0,3.0,8.0,6.5,5000.0,2022.0,Samsung,2
745000.0,2.0,2.0,13.0,5.7,3200.0,2019.0,HuangMi,54
3092000.0,6.0,6.0,13.0,6.4,5000.0,2019.0,Samsung,2
1200000.0,1.0,1.0,8.0,5.0,2600.0,2016.0,ASUS,13
889000.0,2.0,2.0,5.0,6.5,3000.0,2021.0,Nokia,18
3125000.0,8.0,8.0,48.0,6.44,4500.0,2020.0,Vivo,6
7500000.0,8.0,8.0,40.0,6.1,3650.0,2019.0,Huawei,10
1900000.0,4.0,4.0,13.0,5.5,3000.0,2017.0,Advan,22
8469000.0,12.0,12.0,50.0,6.73,4600.0,2022.0,Xiaomi,3
1200000.0,2.0,2.0,8.0,5.14,3000.0,2020.0,Samsung,2
11690000.0,8.0,8.0,50.0,6.67,4400.0,2020.0,Huawei,10
5060000.0,4.0,4.0,21.0,5.7,10300.0,2019.0,Ulefone,58
9999000.0,8.0,8.0,12.0,6.4,3700.0,2018.0,OPPO,0
9500000.0,8.0,8.0,48.0,6.67,4085.0,2019.0,OnePlus,23
15690000.0,16.0,16.0,64.0,6.67,4500.0,2021.0,Black,30
788000.0,1.0,1.0,8.0,5.7,2900.0,2019.0,Mito,35
1099000.0,1.0,1.0,8.0,5.0,2200.0,2018.0,Huawei,10
7199000.0,12.0,12.0,50.0,6.5,4450.0,2021.0,Vivo,6
22499000.0,6.0,6.0,12.0,6.7,4323.0,2022.0,Apple,5
16499000.0,8.0,8.0,108.0,6.9,4500.0,2020.0,Samsung,2
2750000.0,4.0,4.0,13.0,5.5,4100.0,2017.0,Xiaomi,3
2850000.0,4.0,4.0,12.0,5.93,12500.0,2022.0,OUKITEL,49
1535000.0,2.0,2.0,13.0,5.0,2750.0,2016.0,Lenovo,21
8900000.0,8.0,8.0,64.0,6.67,4720.0,2020.0,Black,30
2088000.0,8.0,8.0,50.0,6.6,5000.0,2023.0,Tecno,7
16999000.0,16.0,16.0,50.0,6.67,5800.0,2024.0,Vivo,6
2035000.0,3.0,3.0,13.0,5.5,4100.0,2017.0,Xiaomi,3
2548880.0,3.0,3.0,13.0,5.5,2700.0,2015.0,Huawei,10
3350000.0,4.0,4.0,16.0,5.5,3000.0,2016.0,Nokia,18
5498000.0,8.0,8.0,50.0,6.7,5000.0,2022.0,Realme,8
6650000.0,12.0,12.0,64.0,6.62,5000.0,2021.0,Realme,8
22960000.0,12.0,12.0,50.0,7.6,4400.0,2024.0,Samsung,2
2636000.0,1.0,1.0,8.0,5.0,2140.0,2014.0,HTC,56
1265000.0,3.0,3.0,13.0,6.75,6000.0,2022.0,ZTE,14
1699000.0,8.0,8.0,50.0,6.95,5000.0,2021.0,Infinix,1
22500000.0,8.0,8.0,48.0,6.67,4815.0,2023.0,Huawei,10
4999000.0,8.0,8.0,64.0,6.62,5000.0,2022.0,Realme,8
1100000.0,1.0,1.0,8.0,5.0,2250.0,2013.0,Lenovo,21
4425000.0,8.0,8.0,50.0,6.7,5000.0,2024.0,OPPO,0
2699000.0,6.0,6.0,13.0,5.2,2950.0,2017.0,ZTE,14
2999000.0,8.0,8.0,50.0,6.6,5000.0,2022.0,Samsung,2
4649000.0,8.0,8.0,50.0,6.7,5000.0,2024.0,Realme,8
7899000.0,6.0,6.0,12.0,6.0,4500.0,2021.0,Sony,15
1049900.0,3.0,3.0,5.0,6.52,4000.0,2021.0,Tecno,7
1199000.0,3.0,3.0,8.0,6.6,5000.0,2022.0,itel,9
1170000.0,4.0,4.0,13.0,6.6,4500.0,2020.0,Evercoss,19
1539000.0,8.0,8.0,50.0,6.7,5000.0,2022.0,Infinix,1
6899000.0,8.0,8.0,50.0,6.4,4570.0,2023.0,Sharp,34
24975000.0,16.0,16.0,64.0,6.92,5500.0,2021.0,Lenovo,21
1099000.0,1.0,1.0,5.0,4.5,1700.0,2014.0,Evercoss,19
1295000.0,1.0,1.0,5.0,5.0,2300.0,2016.0,Lenovo,21
698900.0,1.0,1.0,8.0,5.0,2300.0,2013.0,Huawei,10
1600000.0,1.0,1.0,8.0,4.7,3000.0,2011.0,Lenovo,21
1699000.0,2.0,2.0,13.0,5.5,2600.0,2015.0,Sony,15
1935000.0,2.0,2.0,13.0,5.0,2400.0,2015.0,ASUS,13
2484700.0,2.0,2.0,13.0,5.0,2420.0,2015.0,Lenovo,21
1565500.0,1.0,1.0,8.0,5.3,2300.0,2015.0,LG,26
3999000.0,2.0,2.0,8.0,5.0,2200.0,2015.0,Huawei,10
2249000.0,3.0,3.0,13.0,5.5,2500.0,2016.0,Himax,43
1649000.0,2.0,2.0,13.0,5.2,3070.0,2016.0,Meizu,37
1599000.0,2.0,2.0,13.0,5.0,2500.0,2016.0,Himax,43
7411200.0,4.0,4.0,13.0,5.7,3300.0,2017.0,LG,26
850000.0,1.0,1.0,8.0,5.5,3000.0,2017.0,Evercoss,19
2149000.0,3.0,3.0,13.0,5.5,4060.0,2016.0,Coolpad,59
2799000.0,2.0,2.0,13.0,5.0,2800.0,2015.0,KEN,60
8900000.0,4.0,4.0,16.0,5.15,3350.0,2017.0,iMI,61
3199000.0,4.0,4.0,16.0,6.0,3300.0,2018.0,ASUS,13
2888888.0,4.0,4.0,13.0,5.84,3000.0,2018.0,Honor,25
3030000.0,4.0,4.0,21.0,6.0,1000.0,2018.0,Blackview,50
1599000.0,3.0,3.0,13.0,5.84,3000.0,2018.0,Honor,25
5990000.0,4.0,4.0,12.0,6.5,3174.0,2018.0,Apple,5
1785000.0,2.0,2.0,13.0,6.0,3300.0,2018.0,Samsung,2
4950000.0,6.0,6.0,21.0,6.0,11000.0,2018.0,OUKITEL,49
890000.0,1.0,1.0,8.0,5.0,2150.0,2019.0,SPC,33
775000.0,2.0,2.0,13.0,5.5,2600.0,2019.0,Evercoss,19
5550000.0,6.0,6.0,16.0,6.21,5580.0,2019.0,Blackview,50
1800000.0,4.0,4.0,16.0,6.3,5150.0,2018.0,UMIDIGI,41
1800000.0,3.0,3.0,16.0,5.7,3000.0,2018.0,Meizu,37
557000.0,1.0,1.0,5.0,4.5,1700.0,2019.0,Evercoss,19
7350000.0,8.0,8.0,48.0,6.55,3800.0,2019.0,OnePlus,23
7800000.0,6.0,6.0,12.0,6.7,4500.0,2020.0,Samsung,2
1999000.0,3.0,3.0,13.0,6.55,4000.0,2020.0,Nokia,18
10400000.0,12.0,12.0,48.0,6.5,4300.0,2020.0,OnePlus,23
1425000.0,2.0,2.0,8.0,5.0,3500.0,2020.0,Motorola,27
10552000.0,8.0,8.0,64.0,6.67,5000.0,2020.0,ASUS,13
6780000.0,8.0,8.0,48.0,6.5,4000.0,2020.0,OPPO,0
2518200.0,4.0,4.0,98.0,6.35,3900.0,2019.0,OUKITEL,49
11530000.0,12.0,12.0,64.0,6.65,4500.0,2020.0,ZTE,14
9599000.0,12.0,12.0,64.0,6.8,5050.0,2021.0,ZTE,14
1849000.0,6.0,6.0,64.0,6.9,5000.0,2021.0,Infinix,1
4299000.0,8.0,8.0,64.0,6.43,4300.0,2021.0,Realme,8
799000.0,4.0,4.0,16.0,6.6,5200.0,2021.0,Advan,22
2299000.0,4.0,4.0,48.0,6.5,5000.0,2020.0,Samsung,2
8999000.0,12.0,12.0,12.0,5.9,4000.0,2021.0,ASUS,13
2860000.0,6.0,6.0,48.0,6.5,5000.0,2021.0,Samsung,2
7598500.0,12.0,12.0,64.0,6.43,4500.0,2021.0,OnePlus,23
12750000.0,12.0,12.0,50.0,6.7,4500.0,2021.0,OnePlus,23
11261500.0,12.0,12.0,64.0,6.92,5500.0,2021.0,Lenovo,21
10500000.0,12.0,12.0,50.0,6.5,4450.0,2021.0,Vivo,6
12060000.0,8.0,8.0,48.0,6.7,5000.0,2022.0,OnePlus,23
3999000.0,8.0,8.0,50.0,6.4,4500.0,2022.0,Realme,8
6690000.0,4.0,4.0,12.0,4.7,2018.0,2022.0,Apple,5
7949000.0,4.0,4.0,12.0,4.7,2018.0,2022.0,Apple,5
2300000.0,3.0,3.0,13.0,6.5,5000.0,2021.0,Samsung,2
5632000.0,8.0,8.0,50.0,6.72,4000.0,2021.0,Huawei,10
14999000.0,12.0,12.0,50.0,6.55,4800.0,2022.0,OPPO,0
16650000.0,8.0,8.0,50.0,6.55,4800.0,2022.0,OPPO,0
3900000.0,6.0,6.0,13.0,5.7,4380.0,2020.0,Blackview,50
971000.0,2.0,2.0,8.0,5.99,3000.0,2020.0,Wiko,44
7000000.0,8.0,8.0,64.0,6.5,4500.0,2021.0,Samsung,2
11850000.0,8.0,8.0,50.0,6.78,4700.0,2022.0,iQOO,11
2899990.0,8.0,8.0,64.0,6.8,5000.0,2022.0,Tecno,7
1339000.0,4.0,4.0,13.0,6.8,6000.0,2022.0,itel,9
2250000.0,4.0,4.0,20.0,5.93,6300.0,2022.0,OUKITEL,49
9499000.0,8.0,8.0,50.0,6.55,4500.0,2022.0,NOTHING,52
15000000.0,12.0,12.0,50.0,6.7,4800.0,2022.0,OnePlus,23
12950000.0,8.0,8.0,50.0,6.67,5100.0,2022.0,Lenovo,21
1199000.0,4.0,4.0,13.0,6.6,5000.0,2022.0,Tecno,7
15499000.0,6.0,6.0,12.0,6.7,4323.0,2022.0,Apple,5
1949000.0,4.0,4.0,50.0,6.82,5000.0,2022.0,Infinix,1
838000.0,3.0,3.0,13.0,6.52,4000.0,2022.0,Nokia,18
685000.0,3.0,3.0,8.0,6.3,3000.0,2023.0,Nokia,18
13810742.0,16.0,16.0,50.0,6.78,5100.0,2023.0,ZTE,14
7950000.0,8.0,8.0,50.0,6.6,4400.0,2023.0,Motorola,27
26090000.0,16.0,16.0,48.0,6.82,5000.0,2023.0,Huawei,10
23999000.0,12.0,12.0,50.0,6.82,5000.0,2023.0,Huawei,10
21999000.0,12.0,12.0,50.0,6.82,5000.0,2023.0,Huawei,10
965000.0,4.0,4.0,13.0,6.6,5000.0,2024.0,ZTE,14
1210000.0,4.0,4.0,13.0,6.56,5000.0,2024.0,Vivo,6
13528000.0,16.0,16.0,50.0,6.78,5500.0,2024.0,ASUS,13
1149000.0,3.0,3.0,13.0,6.74,5000.0,2024.0,Realme,8
20999000.0,16.0,16.0,50.0,6.8,5200.0,2024.0,Huawei,10
1085000.0,1.0,1.0,13.0,5.0,2850.0,2017.0,Evercoss,19
6899000.0,12.0,12.0,50.0,6.78,4500.0,2022.0,Vivo,6
1999999.0,3.0,3.0,13.0,6.2,4230.0,2018.0,OPPO,0
25000000.0,12.0,12.0,12.0,7.3,4380.0,2019.0,Samsung,2
1850000.0,3.0,3.0,13.0,5.7,3000.0,2018.0,Lenovo,21
835000.0,1.0,1.0,8.0,5.0,2350.0,2016.0,SPC,33
8250000.0,3.0,3.0,12.0,4.7,1821.0,2020.0,Apple,5
2519000.0,2.0,2.0,13.0,5.2,3000.0,2017.0,Nokia,18
18500000.0,12.0,12.0,64.0,6.59,6000.0,2020.0,ASUS,13
760000.0,1.0,1.0,5.0,5.0,2500.0,2019.0,Aldo,24
575000.0,1.0,1.0,5.0,5.5,2100.0,2019.0,Evercoss,19
999000.0,4.0,4.0,13.0,6.52,5000.0,2023.0,ZTE,14
981000.0,3.0,3.0,13.0,6.5,5050.0,2021.0,Nokia,18
1350000.0,2.0,2.0,8.0,5.0,2150.0,2015.0,Lenovo,21
8200000.0,8.0,8.0,48.0,6.7,4500.0,2021.0,OnePlus,23
12563000.0,12.0,12.0,48.0,6.7,5000.0,2022.0,OnePlus,23
3849000.0,3.0,3.0,13.0,5.2,3070.0,2016.0,Meizu,37
1148000.0,4.0,4.0,50.0,6.52,5000.0,2023.0,Sharp,34
1100000.0,1.0,1.0,8.0,5.0,3250.0,2014.0,Evercoss,19
915000.0,3.0,3.0,13.0,6.6,3500.0,2021.0,Advan,22
1998000.0,4.0,4.0,16.0,6.6,5000.0,2020.0,Tecno,7
1285000.0,3.0,3.0,13.0,5.0,2500.0,2019.0,Coolpad,59
1775000.0,2.0,2.0,8.0,4.7,3680.0,2019.0,Blackview,50
4200000.0,4.0,4.0,16.0,6.3,3750.0,2018.0,Honor,25
1209900.0,2.0,2.0,13.0,5.0,2550.0,2016.0,nuu,62
645000.0,1.0,1.0,5.0,4.0,1650.0,2016.0,Evercoss,19
1200000.0,2.0,2.0,13.0,5.7,3000.0,2018.0,Honor,25
1500000.0,1.0,1.0,5.0,4.5,2800.0,2017.0,KEN,60
4700000.0,4.0,4.0,16.0,6.3,13000.0,2019.0,Blackview,50
1199000.0,4.0,4.0,13.0,6.6,5000.0,2022.0,Tecno,7
925000.0,4.0,4.0,13.0,6.52,5000.0,2022.0,ZTE,14
4500000.0,6.0,6.0,50.0,6.6,5000.0,2022.0,Samsung,2
1999000.0,2.0,2.0,13.0,5.5,3100.0,2015.0,Meizu,37
1525000.0,3.0,3.0,13.0,6.52,5000.0,2019.0,Wiko,44
1855000.0,3.0,3.0,13.0,5.5,4100.0,2017.0,Xiaomi,3
2568000.0,3.0,3.0,13.0,4.7,3200.0,2015.0,Doogee,36
1800000.0,3.0,3.0,13.0,5.7,3000.0,2018.0,Honor,25
1150000.0,2.0,2.0,13.0,6.52,4000.0,2019.0,Wiko,44
1199000.0,4.0,4.0,50.0,6.74,5010.0,2023.0,Sharp,34
4399000.0,8.0,8.0,48.0,6.5,4000.0,2020.0,OPPO,0
9855000.0,12.0,12.0,50.0,6.7,5000.0,2022.0,Realme,8
5999000.0,6.0,6.0,64.0,6.7,5000.0,2021.0,Samsung,2
6499000.0,8.0,8.0,48.0,6.56,4315.0,2020.0,Vivo,6
865000.0,4.0,4.0,13.0,6.3,3000.0,2020.0,Coolmi,20
1799000.0,3.0,3.0,13.0,6.51,5000.0,2021.0,Vivo,6
1175000.0,3.0,3.0,13.0,6.52,4000.0,2021.0,Alcatel,47
12615000.0,12.0,12.0,50.0,6.78,6000.0,2023.0,ASUS,13
3120000.0,8.0,8.0,64.0,6.44,4000.0,2020.0,Vivo,6
1299000.0,4.0,4.0,48.0,6.75,6000.0,2022.0,ZTE,14
6569900.0,8.0,8.0,48.0,6.5,4200.0,2021.0,Vivo,6
5499000.0,8.0,8.0,64.0,6.62,5000.0,2022.0,Realme,8
11299000.0,12.0,12.0,50.0,6.78,5200.0,2025.0,Honor,25
2800000.0,8.0,8.0,16.0,6.95,5000.0,2018.0,Honor,25
2875000.0,4.0,4.0,13.0,6.0,3600.0,2019.0,BLUBOO,63
1137000.0,1.0,1.0,8.0,5.0,2000.0,2016.0,Axioo,46
14400000.0,12.0,12.0,50.0,6.8,4300.0,2022.0,OPPO,0
3399000.0,8.0,8.0,48.0,6.5,5000.0,2021.0,Samsung,2
6500000.0,6.0,6.0,48.0,6.3,6580.0,2020.0,Blackview,50
499900.0,1.0,1.0,5.0,4.0,2000.0,2016.0,Evercoss,19
11999000.0,12.0,12.0,50.0,6.78,5100.0,2023.0,ZTE,14
9999000.0,12.0,12.0,47.0,6.6,5000.0,2023.0,Sharp,34
7500000.0,8.0,8.0,40.0,6.1,3650.0,2019.0,Huawei,10
1199000.0,1.0,1.0,8.0,4.5,2000.0,2015.0,Lava,17
10999000.0,12.0,12.0,50.0,6.55,4500.0,2022.0,OPPO,0
1899000.0,4.0,4.0,13.0,5.5,3000.0,2016.0,Genpro,51
3200000.0,4.0,4.0,13.0,5.5,5500.0,2019.0,Doogee,36
2699000.0,6.0,6.0,16.0,5.5,3000.0,2017.0,ZTE,14
1000000.0,2.0,2.0,8.0,5.0,4350.0,2016.0,Evercoss,19
910000.0,1.0,1.0,8.0,5.5,2500.0,2016.0,Wiko,44
2299000.0,2.0,2.0,8.0,5.5,3000.0,2016.0,KEN,60
969000.0,3.0,3.0,13.0,6.5,5000.0,2022.0,Samsung,2
1590000.0,3.0,3.0,13.0,5.7,3000.0,2014.0,Xiaomi,3
675605.0,2.0,2.0,5.0,5.45,4000.0,2022.0,itel,9
1585000.0,3.0,3.0,13.0,6.09,3020.0,2019.0,Honor,25
906000.0,4.0,4.0,13.0,6.6,5000.0,2024.0,ZTE,14
9293000.0,12.0,12.0,50.0,6.78,5500.0,2024.0,ASUS,13
8215000.0,8.0,8.0,12.0,5.72,4000.0,2018.0,Razer,40
21999000.0,1.0,1.0,8.0,4.0,1440.0,2012.0,Apple,5
